"questionId","question","answers","wrongChoices","explanation","hint"
"I-H25-1","H25-1：継続教育が要求されるＲＣＣＭの更新登録の条件として、誤っているものをa～dのなかから選びなさい。","b. 会長が作成した自主学習システムのうち、登録を更新しようとする技術分野の科目のみを学習し、演習を修了していればよい。","a. ＲＣＣＭ登録の有効期限満了の日の前１年以内の間に、一般社団法人建設コンサルタンツ協会会長が実施する登録更新講習を受講し、修了していること。;c. 建設系ＣＰＤ協議会に加盟する機関が実施するＣＰＤにおける取得単位数の合計が、直近の４年間で100単位以上であればよい。;d. ＣＰＤの取得単位には、業務経験により取得したものを最大40単位まで認められる。","RCCMの更新条件には複数の選択肢があります。CPD単位(c,d)や登録更新講習(a)はその選択肢ですが、自主学習システム(b)は専門科目に加え、共通科目も修了する必要があります。「技術分野の科目のみ」という限定が誤りです。","RCCMの更新要件には、専門分野だけでなく、全技術者に共通する内容も含まれるか？"
"I-H25-2","H25-2：建設コンサルタント登録規定に関する記述として、正しいものをa～dのなかから選びなさい。","b. 建設コンサルタントの登録の有効期限は５年である。","a. 建設コンサルタント登録申請は文部科学省で受け付ける。;c. 建設コンサルタントの登録に必要な技術管理者は、技術士第二次試験の登録部門に合格していれば、特に登録がなくてよい。;d. 建設コンサルタント登録申請書には、直前2年のプロポーザルの特定一覧、使用人数、技術士の一覧表を添付する必要がある。","建設コンサルタント登録の有効期間は5年です。a: 申請先は国土交通省です。c: 技術管理者は技術士登録が必要です。d: 添付書類は直前1年分です。","建設コンサルタント登録の有効期間は何年か？"
"I-H25-3","H25-3：「建設コンサルタント業務等におけるプロポーザル方式及び総合評価落札方式の運用ガイドライン」（国土交通省）の建設コンサルタント選定方式に関する記述のうち、誤っているものをa～dのなかから選びなさい。","a. 選定に当たっての評価は、説明書に基づいて行うことを基本とするが、説明書に記載されていない技術等でも特に優れている場合は評価をする。","b. プロポーザル方式または総合評価落札方式では、単体企業に加えて、設計共同体の参加も認められる。;c. プロポーザル方式では、原則として地域貢献度は評価しない。;d. 予定管理技術者は、技術資格、同種または類似業務の実績、過去に担当した業務の成績、手持ち業務を評価する。","ガイドラインでは、評価は提出された技術提案書（説明書）に基づいて行うことが原則であり、記載されていない事項を評価することは公平性を欠くため認められません。「説明書に記載されていない技術等でも特に優れている場合は評価をする」という記述が誤りです。","評価の公平性を保つためには、何に基づいて評価すべきか？"
"I-H25-4","H25-4：国土交通省における標準プロポーザル方式において、技術提案書の必要記載事項として、誤っているものをa～dのなかから選びなさい。","c. 予定技術者の業務成績","a. 業務実施体制;b. 予定技術者の経歴;d. 実施方針、実施フロー、工程表","技術提案書に記載するのは、あくまで「提案」する内容です。予定技術者の「業務成績」は発注者が保有するデータであり、受注者が記載する事項ではありません。","技術提案書は「これからどう業務を行うか」を提案する書類。"
"I-H25-5","H25-5：「公共土木設計業務等標準委託契約約款」に規定する管理技術者に関する記述として、誤っているものをa～dのなかから選びなさい。","b. 管理技術者は、業務委託料の変更に係わる権限を有する。","a. 管理技術者は、業務の管理及び統轄を行う。;c. 管理技術者は、業務委託料の請求及び受領に係わる権限を有していない。;d. 管理技術者は、業務の契約の解除に係わる権限は有していない。","管理技術者は業務の技術的な管理・統轄を行う責任者ですが、契約金額の変更や請求・受領、契約解除といった契約上の重要な権限は、会社の代表者などが有するものであり、管理技術者には与えられていません。","管理技術者の権限は「技術的」な範囲か、「契約」全体に及ぶか。"
"I-H25-6","H25-6：「公共土木設計業務等標準委託契約約款」に規定する著作権の譲渡に関する記述として、誤っているものをa～dのなかから選びなさい。","c. 発注者は、成果物が著作物に該当しない場合においても、当該成果物の内容を受注者の承諾がない場合は改変できない。","b. 発注者は受注者の承諾なしに成果物の内容を自由に公表できる。;a. 成果物が著作権法に規定する著作物に該当する場合は、受注者は当該著作物に係わる著作権を発注者に無償で譲渡する。;d. 発注者は、受注者が成果物の作成に当たって開発したプログラム及びデータベースについて、受注者が承諾した場合にはこれらを利用することができる。","約款では、著作権は発注者に譲渡されることが定められています。成果物が著作物に「該当しない」場合は、そもそも著作権が発生しないため、発注者は自由に改変できます。「改変できない」という記述が誤りです。","著作権が発生しないものに対して、著作権法上の制約はあるか？"
"I-H25-7","H25-7：平成23年度版の国土交通省の「設計業務等積算基準」に規定する業務委託料の構成として、誤っているものをa～dのなかから選びなさい。","b. 直接経費には、旅費交通費は含まない。","a. 業務委託料は、業務価格と消費税相当額からなる。;c. 業務価格は、業務原価と一般管理費等からなる。;d. 電子成果作成費は、直接経費に含まれる。","設計業務等積算基準において、旅費交通費は業務の遂行に直接必要となる経費として「直接経費」に計上されます。「含まない」という記述が誤りです。","その業務のためだけに発生する費用は直接経費か？"
"I-H25-8","H25-8：国土交通省の「設計業務等共通仕様書」に規定する打合せ等に関する記述として、誤っているものをa～dのなかから選びなさい。","a. 管理技術者と調査職員との連絡は電子メールを活用してもよいが、電子メールで確認した内容については打合せ記録簿に記載してはならない。","b. 管理技術者と調査職員は業務の区切りにおいて打合せを行い、その結果について受注者が打合せ記録簿に記録し相互に確認しなければならない。;c. 管理技術者は、仕様書に定めのない事項について疑義が生じた場合は、速やかに調査職員と協議するものとする。;d. 管理技術者と調査職員は、設計業務等を適正かつ円滑に実施するため、常に密接な連絡をとり、業務の方針及び条件等の疑義を正すものとする。","業務に関する重要なやり取りは、たとえ電子メールで行われたものであっても、後日の証拠となるように打合せ記録簿に正式に記録し、双方で確認する必要があります。「記載してはならない」という記述が誤りです。","業務上のやり取りは、形式に関わらず記録に残す必要があるか？"
"I-H25-9","H25-9：国土交通省における「設計業務等共通仕様書」に規定する業務計画書に関する記載事項として、誤っているものをa～dのなかから選びなさい。","d. 担当者の経歴","a. 業務工程;b. 打合せ計画;c. 成果品の品質を確保するための計画","業務計画書は、業務をどのように進めるかの「計画」を記載するものです。担当者の「経歴」は、技術提案書などで評価されるものであり、業務開始時に提出する業務計画書の記載事項ではありません。","業務計画書は「これからどうするか」を記載する書類。"
"I-H25-10","H25-10：国土交通省の「地方整備局委託業務等成績評定要領」に関する記述として、正しいものをa～dのなかから選びなさい。","a. 要領の目的は、地方整備局の所掌する委託業務等の成績評定（以下「評定」という。）に必要な事項を定め、厳正かつ的確な評定の実施を図り、もって建設コンサルタント等並びに技術者の適正な選定及び指導育成に資することである。","b. 評定は、原則として１件の契約金額が500万円を超える委託業務について行うものとする。;c. 委託業務等の評定者は、完了検査者、総括監督員及び主任技術者をいう。;d. 「設計業務等共通仕様書」に定める調査業務及び計画業務の評価項目は、総合技術力、安全管理能力、コミュニケーション力、取り組み姿勢、成果品の品質である。","b: 評定は原則として全ての業務が対象です。c: 評定者は検査職員、総括調査職員、主任調査職員です。d: 評価項目は専門技術力、管理技術力、コミュニケーション力、取組姿勢、成果品の品質です。したがって、aが要領の目的を正しく記述しています。","成績評定の目的は何かを考える。"
"I-H25-11","H25-11：｢公共工事の品質確保の促進に関する法律｣に関する記述として、誤っているものをa～dのなかから選びなさい。","d. 受注者は、高度な技術又は優れた工夫を含む技術提案書を提出したときは、当該技術提案の審査の結果を踏まえて、予定価格を定めることができる。","a. この法律の目的は、公共工事の品質を確保し、もって国民の福祉の向上および国民経済の健全な発展に寄与することである。;b. 発注者は、発注関係事務を適切に実施するために必要な職員の配置、その他の体制の整備に務めなければならない。;c. 発注者は、競争参加者から技術提案を求めるよう努力し、中立・公正な審査・評価が行われるよう必要な措置を講じて、これを適切に審査・評価しなければならない。","予定価格を定めるのは「発注者」の責務です。受注者が定めることはできません。","契約における「発注者」と「受注者」の役割を考える。"
"I-H25-12","H25-12：｢公共工事の品質確保の促進に関する法律」における基本理念として、誤っているものをa～dのなかから選びなさい。","b. 公共工事の品質は、建設工事の特性にかんがみ、環境に配慮しつつ品質以外の多様な要素をも考慮し、経済性に優れた内容の契約がなされることにより、確保されなければならない。","a. 公共工事の品質は、社会資本を整備するという公共工事の社会経済上の重要な意義にかんがみ、現在・将来の国民のため、国、地方公共団体、発注者、受注者がそれぞれの役割を果たすことにより、確保されなければならない。;c. 公共工事の品質は、工事の効率性、安全性、環境への配慮等が品質を確保する上で重要な意義を有することにかんがみ、より適切な技術又は工夫により、確保されなければならない。;d. 公共工事の品質確保に当たっては、入札・契約の適正化、民間事業者の能力の活用、公正な契約の締結、公共事業に関する調査・設計の品質確保に配慮されなければならない。","品確法の基本理念では、「経済性に配慮しつつ価格以外の多様な要素も考慮し、価格及び品質が総合的に優れた内容の契約がなされる」とされており、「経済性に優れた」と限定している点が不適切です。","品質確保のためには、価格だけでなく、何が重要か？"
"I-H25-13","H25-13：既存の首都高速道路においては老朽化対策が喫緊の課題である。また、急カーブなどが多数存在しており、安全な高速走行を保つことも課題である。2012年９月に首都高速道路の再生に関する有識者会議が行われ３項目の提言のポイントが示されているが、その中に記述されていないものをa～dのなかから選びなさい。","c. 首都高速道路は、補修等を行いながら使い続けることが現実的である。","a. 老朽化した首都高速都心環状線は、高架橋を撤去し、地下化などを含めた再生を目指す。;b. 首都・東京の道路ネットワーク、首都直下型地震への対応という観点から、国家プロジェクトとして再生を行う。;d. 民間の活力を生かし、単なる高速道路の整備に終わらない、世界都市・東京を発信する。","有識者会議の提言では、単なる補修による延命ではなく、地下化などを含めた抜本的な「再生」を目指す方針が示されました。「補修等を行いながら使い続けることが現実的」という考え方は、この提言の趣旨とは異なります。","「維持補修」と「抜本的な再生」のどちらが提言されたか。"
"I-H25-14","H25-14：2012年12月２日に発生したトンネル事故は走行中の車、複数台が巻き込まれ９人の死亡者を出す痛ましい事故で、事故後緊急点検が行われるとともに調査検討委員会が設けられた。この事故に関する記述として、誤っているものをa～dのなかから選びなさい。","d. 事故はトンネル本体の崩壊事故であった。","a. 事故は吊り金具により支えられた天井板が落下したものである。;b. 中央自動車道笹子トンネルで発生した。;c. 天井板を支える吊り金具は覆工にアンカーボルトで接続していた。","笹子トンネルの事故は、トンネル本体（地山や覆工コンクリート）が崩壊したのではなく、換気のために設置されていたコンクリート製の「天井板」が落下した事故です。","事故の原因はトンネル「本体」か「付属物」か。"
"I-H25-15","H25-15：平成25年度国土交通省予算の概要で示されている２つの項目のうち、「Ⅰ.復興、防災対策」で示されているのは（１）東日本大震災からの復興加速（２）事前防災・減災のための「Ａ」の推進、災害への対応体制の強化等である。「Ａ」にあてはまることばをa～dのなかから選びなさい。","b. 国土強靭化","a. 暮らしの安心;c. エネルギー対策;d. 成長力強化","東日本大震災を教訓に、大規模自然災害に備えるための強靭な国づくりを目指す「国土強靭化（ナショナル・レジリエンス）」が国の重要な政策として推進されるようになりました。","大規模災害に備えるための国の政策のキーワードは？"
"I-H25-16","H25-16：国土交通白書2012における「持続可能で活力ある国土・地域づくりの推進」において4つの実現すべき価値、８つの新たな政策展開の方向性が示されている。その組み合わせとして、誤っているものをa～dのなかから選びなさい。","c. Ⅲ 経済活性化･･･････災害に強い住宅・地域づくり","a. Ⅰ 持続可能な社会の実現･･････低炭素・循環型システムの構築;b. Ⅱ 安全と安心の確保･･････社会資本の的確な維持管理・更新;d. Ⅳ 国際競争力と国際プレゼンスの強化･･････国際競争の基盤整備の促進","「災害に強い住宅・地域づくり」は、4つの価値のうち「Ⅱ 安全と安心の確保」に対応する政策です。「Ⅲ 経済活性化」には、成長を支える基盤整備などが対応します。","「災害」はどの価値項目と最も関連が深いか？"
"I-H25-17","H25-17：国土交通白書2012における「地域活性化の推進」のなかでの「都市再生についての地域活性化に向けた取組み」に関する記述として、誤っているものをa～dのなかから選びなさい。","c. 公共のノウハウと第三セクターの資金の活用促進","a. 国際空港や広域防災拠点の整備等の都市再生プロジェクトの推進;b. 都市再生特別措置法に基づく民間都市再生の推進;d. 市町村が作成する都市再生整備計画等に基づく全国都市再生の推進","都市再生においては、公共のノウハウだけでなく、PFIやPPPといった手法を用いて「民間」の資金やノウハウを活用することが推進されています。「第三セクターの資金」に限定している点が不適切です。","都市再生の推進力として「官」と「民」のどちらが重視されているか。"
"I-H25-18","H25-18：国土交通白書2012における「震災後における国土交通行政の転換」のなかでの「防災のあり方の転換」に関する記述として、正しいものをa～dのなかから選びなさい。","a. 最大クラスの津波に対しても「人命が第一」として、ハード・ソフト施策を総動員した津波の｢多重防御｣を津波防災・減災対策の基本とする。","b. レベル1の津波に対しては、被害の最小化を主眼とする「減災」の考え方に基づき、ハード対策・ソフト対策の手段を尽くした総合的な津波対策を確立する。;c. レベル2の津波に対しては、海岸保全施設等構造物で人命保護に加え、住民財産の保護、地域経済活動の安定化等を図る。;d. 極めて発生頻度が低い津波に対しては、住民財産の保護や地域の経済活動の安定化を主眼とした効率的な生産拠点の確保を図る。","東日本大震災の教訓から、津波対策はレベル1（比較的頻度の高い津波）とレベル2（最大クラスの津波）に分けて考えられるようになりました。レベル1は「防災」、レベル2は「減災」が基本です。aはレベル2津波に対する「減災」の考え方として正しい記述です。","津波対策のレベル1とレベル2、それぞれの目標は「防災」か「減災」か。"
"I-H25-19","H25-19：知的財産権に関する記述として、正しいものをa～dのなかから選びなさい。","d. 特許権は、産業財産権に属し、出願の日から20年間保護される。","a. 植物新品種保護に係る育成者権は、登録された日から20年間保護される。;b. 意匠権の存続期間は、出願の日から15年である。;c. 回路配置利用権は、産業財産権に属し、登録の日から10年間保護される。","a: 育成者権は登録日から25年（樹木は30年）です。b: 意匠権は登録日から25年です（法改正後）。c: 回路配置利用権は産業財産権には含まれません。d: 特許権の保護期間として正しい記述です。","各権利の保護期間の起算日は「出願日」か「登録日」か。"
"I-H25-20","H25-20：建設コンサルタント技術者の行動規範で依頼者の適正な利益の保護に関する記述","b. 業務を通じて知り得た依頼者の秘密を、第三者に漏らしたり、別の業務に盗用することをしない。","a. 利害関係者から教唆された事項については、表明、批評、あるいは主張を行わない。;c. 専門家としての考えを報告、表明、または証言するにあたっては、それらに関連する客観的なデータと真実の情報をすべて開示する。;d. 技術的判断に関して、事実でない、事実を隠した、不適正または誇張された表示・表明を回避する。","技術者の行動規範における「秘密の保持」は最も基本的な義務の一つです。依頼者の不利益になるような情報の漏洩や盗用は厳に慎まなければなりません。","技術者倫理における「守秘義務」。"
"I-H26-1","H26-1：ＲＣＣＭの登録条件として、正しいものをa～dのなかから選びなさい。","b. 業務経験によるCPDは最大40単位まで認められる。","a. 試験合格後4年以降は、再受験の必要がある。;c. 登録更新に必要となる登録更新講習の有効期限は受講後2年間である。;d. 登録を受けようとする者は、登録部門の直近1年間の業務経歴を記載した登録申請を提出する必要がある。","a: 合格の有効期限はありません。c: 更新講習の有効期限は1年です。d: 登録申請には所定の年数の実務経験経歴が必要です。bはCPD単位に関する規定として正しい記述です。","RCCMのCPD制度における単位のルール。"
"I-H26-2","H26-2：建設コンサルタントの登録規定として正しいもの","c. RCCM試験に合格し、登録を受けているもので試験合格後5年以上の実務経験を有する者は、技術管理とすることが出来る。","a. 大学や専門学校卒で登録部門で15年以上の経験があれば、技術管理者として登録できる。;b. 登録部門で25年以上の経験があれば、技術管理者として登録できる。;d. 都市計画及び地方計画部門の技術管理者は、土質および基礎部門の技術管理者とすることができる。","技術管理者の要件は、技術士であるか、または大臣が認定した者（RCCMを含む）です。RCCMの場合は、合格後の実務経験年数などの要件を満たす必要があります。cがその要件の一つを正しく記述しています。","技術管理者の資格要件は何か？"
"I-H26-3","H26-3：「建殴コンサルタント業務等におけるプロポーザル方式及び総合評価落札方式の運用ガイドライン」に示される発注方式として、正しいものをa～dのなかから選びなさい。","c. 総合評価落札方式（簡易型）における技術提案は、実施方針だけ提出すればよい。","a. 発注方式には、プロポーザル方式、総合評価落札方式の2つがある。;b. 総合評価落札方式（標準型）における価格点と技術点の割合は1:1～1:4である。;d. 予定価格の算出において標準的な歩掛がなく見積を活用する業務は、全てプロポーザル方式として発注される。","a: 価格競争方式もあります。b: 割合は1:2～1:3が標準です。d: 総合評価落札方式で発注されることもあります。cは簡易型の特徴を正しく述べています。","総合評価落札方式の「標準型」と「簡易型」の違いは？"
"I-H26-4","H26-4：「建設コンサルタント業務等におけるプロポーザル方式及び総合評価落札方式の運用ガイドライン』に示される評価として、正しいものをa～dのなかから選びなさい。","c. 国発注の業務における同種業務、類似業務は、市町村や高速道路会社の実績についても評価される。","a. 業務表彰は、地域精通度の観点から、発注される地方整備局の表彰に限られ他の地方整備局の表彰は評価されない。;b. 技術的に高度なものや専門的な技術が要求されるプロポーザル方式において、地域精通度が評価されることはない。;d. プロポーザル方式は、予定技術者の成績や表彰を重視するため、説明書に記載のない技術等についても優れている項目は評価の対象となる。","a: 他の整備局の表彰も評価対象です。b: 地域精通度が評価される場合もあります。d: 記載のない項目は評価されません。cは、国以外の公共性の高い機関での実績も評価対象となることを正しく述べています。","公共性の高い業務実績は、発注機関が異なっても評価されるか？"
"I-H26-5","H26-5. 「公共土木骸計業務等標準委託契約約款」に規定する貸与品等に閲する記述として、誤っているものをa～dのなかから選びなさい。","a. 受注者は、過失により貸与品等が滅失若しくはき損し、又はその返還が不可能となった場合は、発注者の指定した期間内に代品を納め、若しくは原状に復して返還し、かつ発注者に損害を賠償しなければならない。","b. 受注者は、貸与品等の引渡しを受けたときは、発注者に借用書又は受領書を提出しなければならない。;c. 受注者は、貸与品等を善良な管理者の注意をもって管理しなければならない。;d. 受注者は、設計図書の定めるところにより、業務の完了、設計図書の変更等によって不用となった貸与品等を発注者に返還しなければならない。","約款では、受注者の過失による貸与品の滅失・き損の場合、「代品を納め、若しくは原状に復して返還し、又は返還に代えて損害を賠償」となっており、損害賠償と原状回復を両方求める「かつ」という記述が誤りです。","「または（or）」と「かつ（and）」の違い。"
"I-H26-6","H26-6：「公共土木股計業務等槙準委託契約約撤」に規定する一括再委託等の禁止に関する記述として、誤っているものをa～dのなかから選びなさい。","d. 発注者は、受注者に対して、業務の一部を委任し、又は請け負わせた者の商号又は名称その他必要な事項の通知を請求することはできない。","a. 受注者は、発注者が設計図書において指定した部分を第三者に委任し、又は請け負わせではならない。;b. 受注者は、業務の全部を一括して、又は設計図書において指定した主たる部分を第三者に委任し、又は請け負わせではならない。;c. 発注者が設計図書において指定した軽微な部分を委任し、又は請け負わせようとするときは、発注者の承諾を得なくてもよい。","約款第7条4項に、発注者は受注者に対して再委託先の通知を請求できる旨が規定されています。「請求することはできない」という記述が誤りです。","発注者は、業務の遂行体制を把握する必要があるか？"
"I-H26-7","H26-7：国土交通省の「設計業務等積算基準」に規定する業務委託料の構成として、誤っているものをa～dのなかから選びなさい。","c. 直接原価は、直接人件費からなり、直接経費は含まない。","a. 業務委託料は、業務価格と消費税相当額からなる。;b. 業務価格は、業務原価と一般管理費等からなる。;d. 一般管理費等は、一般管理費及び付加利益よりなる。","積算基準において、直接原価は「直接人件費」と「直接経費」の合計です。「直接経費は含まない」という記述が誤りです。","業務の原価を構成する要素は何か？"
"I-H26-8","H26-8：国土交通省の「設計業務等共通仕様書」に規定する照査技術者及び照査の実施に関する記述として、誤っているものをa～dのなかから選びなさい。","b. 照査技術者は、業務に該当する部門の技術士でなければならない。","a. 照査技術者は、照査計画を作成し業務計画書に記載し、照査に関する事項を定めなければならない。;c. 照査技術者は、設計図書に定める又は調査職員の指示する業務の節目毎にその成果の確認を行うとともに、成果の内容については、受注者の責において照査技術者自身による照査を行わなければならない。;d. 照査技術者は、特記仕様書に定める照査報告毎に照査結果を照査報告書としてとりまとめなければならない。","照査技術者の資格要件は、技術士またはRCCMです。「技術士でなければならない」という限定が誤りです。","照査技術者になれる資格は技術士だけか？"
"I-H26-9","H26-9：国土交通省の「設計業務等共通仕様書」に規定する成果物の提出に関する記述として、誤っているものをa～dのなかから選びなさい。","b. 受注者は、設計図書に定めがある場合、又は調査職員の指示する場合で、同意した場合においても履行期間途中は、成果品の部分引渡しは行わなくてよい。","a. 受注者は、「土木設計業務等の電子納品要領（案）」に基づいて作成した電子データにより成果品を提出するものとする。;c. 受注者は、成果品において使用する計量単位は国際単位系（SI）とする。;d. 受注者は、設計業務等が完了したときは、設計図書に示す成果品を業務完了報告書とともに提出し、検査を受けるものとする。","仕様書では、設計図書に定めがある場合や調査職員が指示し受注者が同意した場合には、履行期間の途中で成果品の部分引渡しを行う必要があるとされています。「行わなくてよい」という記述が誤りです。","契約の途中で、出来上がった部分を先に納品することはあるか？"
"I-H26-10","H26-10：国土交通省の「地方整備局委託業務等成績評定要領」に関する記述として、正しいものをa～dのなかから選びなさい。","d. 「設計業務等共通仕様書」に定める調査業務及び計画業務の評価項目は、専門技術力、管理技術力、コミュニケーション力、取組姿勢、成果品の品質である。","a. この要領は、豊かな国民生活の実現及びその安全の確保、環境の保全、自立的で個性豊かな地域社会の形成等に寄与するものであるとともに、成績評定事項を定めることにより、国民の福祉の向上及び国民経済の健全な発展に寄与することを目的としている。;b. 委託業務等の評定者は、完了検査官、管理技術者及び主任技術者をいう。;c. 評定の時期は、完了検査を実施したとき、委託業務等が完了したとき、業務の中間時期に評定するものとする。","a: 目的の記述が長大で不正確です。b: 評定者に管理技術者（受注者側）は含まれません。c: 中間時期の評定は必須ではありません。dは、現在の評定項目を正しく列挙しています。","業務成績はどのような観点で評価されるか？"
"I-H26-11","H26-11：「公共工事の品質確保の促進に関する法律の一部を改正する法律」に関する記述として、誤っているものをa～dのなかから選びなさい。","d. 受注者の責務に、公共工事の適正な実施のために必要な資格の取得並びに技術者の確保のために他国労働者を受け入れる労働条件の向上に努めなければならないことが追加された。","a. 「公共工事の品質確保の促進に関する法律の一部を改正する法律（平成26年法律第56号）」が、平成26年６月４日に公布され、即日施行された。;b. 法律の目的に、公共工事の品質確保の担い手を中長期的な育成及び確保の促進と現在のみならず将来の公共工事の品質確保の促進を図る旨が追加された。;c. 法律の基本理念に、工事の性格、地域の実情等に応じて多様な入札契約方法から適切な方法が選択されることにより、品質は確保されなければならないことが追加された。","改正品確法では、受注者の責務として、技術者の確保・育成や労働条件の向上が盛り込まれましたが、「他国労働者を受け入れる」という記述は含まれていません。","法律の条文に「他国労働者」という具体的な文言まで含まれているか？"
"I-H26-12","H26-12：『公共工事の品質確保の促進に関する法律の一部を改正する法律』における発注者の責務として、誤っているものをa～dのなかから選びなさい。","b. 発注者は、入札不調若しくは落札者がいなかった場合、入札者の見積書を徴収後、適正な予定価格と最低価格を公表し、速やかに入札契約を締結するよう努めなければならない。","a. 発注者は、適正な利潤を確保することができるよう、経済社会情勢の変化を勘案し、市場における労務、資材等の取引価格、施工の実態等を的確に反映した予定価格を適正に定めなければならない。;c. 発注者は、その請負代金の額によっては公共工事の適正な施工が通常見込まれない契約の締結を防止（ダンピング防止）するため、最低制限価格の設定等その他の必要な措置を講じなければならない。;d. 発注者は、施工状況の評価の標準化やデータベース整備・更新等の必要な措置を講ずること、他の発注者との情報交換等により連携を図るように努めなければならない。","入札不調・不落の場合、発注者はその原因を調査し、必要に応じて予定価格の見直しや入札・契約条件の変更などを行い、再度入札に付すことが求められます。見積もりを徴収して随意契約に移行することはありますが、「速やかに入札契約を締結するよう努めなければならない」という義務はありません。","入札が不成立だった場合、発注者はまず何をすべきか？"
"I-H26-13","H26-13. 2014年に新たに改定された下水道施殴の耐震対策指針と解説は、2011年東北地方太平洋沖地震での被曹を踏まえて、構造面で求められる耐津波性能や既存施殴における段階的な耐震性能を新たに殴定し、その照査方法を示している。今回の改定で盛り込まれた事項として、誤っているものをa～dのなかから選びなさい。","b. 地震ハザードマップを策定し、住民に公表することとした。","a. リスク対応レベルの概念を導入した地震・海波対策の考え方を示した。;c. 土木構造物の耐震設計において、各耐震性能を確保するための基本的要求性能（供用性、修復性、安全性）を設定した。;d. 既春処理場・ポンプ場施設の耐震性能においては、施設を更新するまでの当面の閥、段階的な耐震性能の向上として耐震性能2’を設定することができることを示した。","ハザードマップの策定と公表は、主に自治体の役割であり、下水道施設の耐震対策指針で直接規定される事項ではありません。この指針は、あくまで施設の設計や対策に関する技術的な基準を定めるものです。","「施設の技術指針」と「住民への情報提供」はどちらの役割か？"
"I-H26-14","H26-14. 我が国では、高度成畏期以降に整備したインフラが急速に老朽化し、今後20年間で、建設後50年以上経過する施設の割合が加速度的に高〈なる見込みである。平成24年3月時点で、遭路橋（橋長2m以上）の建霞後50年以上経過する施設の割合は約16%であるが、平成44年3月の時点の割合として、正しいものをa～dのなかから選びなさい。","d. 約65%","a. 約20%;b. 約30%;c. 約50%","国土交通省の資料によると、道路橋（橋長2m以上）のうち建設後50年以上経過するものの割合は、2012年(H24)の約18%から、2032年(H44)には約65%に達すると推計されています。","インフラ老朽化の進行スピードはどの程度か？"
"I-H26-15","H26-15：国土交通白書2013における「東日本大震災からの復旧・復興に向けた取り組み」のなかの記述として、誤っているものをa～dのなかから選びなさい。","c. 道路については、高速道路は、平成24年度末までに本復旧が全て完了した。","a. 国土交通省が所管する各種公共施設は、家屋流出地域、原発警戒区域を除き平成23年半ばまでにほぼ復旧が完了している。;b. 復旧は、応急復旧段階から本格復旧・復興段階に移行している。;d. 土砂災害対策は、平成24年梅雨期までに崩壊発生個所の緊急的な対策はおおむね完了した。","東日本大震災で被災した高速道路の復旧は迅速に進められましたが、一部区間では大規模な改築や付加車線事業などが継続しており、平成24年度末時点ですべての「本復旧」が完了したわけではありません。","大規模災害からの「本復旧」は短期間で完了するか？"
"I-H26-16","H26-16：国土交通白書2013における「ICTの利活用及び技術開発の推進」のなかの記述として、誤っているものをa～dのなかから選びなさい。","d. 平成24年度から積算方式は「施工パッケージ型積算方式」に統一された。","a. 道路交通情報通信システム（VICS）対応の車載器によりドライバーの利便性が向上し、走行燃費の改善がCO2 排出削減等の環境負荷の軽減に寄与している。;b. ＥＴＣ は、今やほぼ日本全国の有料道路で利用可能である。;c. 平成23年より、高速道路上を中心に設置したITSスポットによる多様なサービスが全国で開始された。","施工パッケージ型積算方式は平成24年度から導入が開始されましたが、従来の積み上げ方式も併用されており、「統一された」という記述は誤りです。","新しい制度が導入されたとき、すぐに完全に切り替わるか？"
"I-H26-17","H26-17：社会資本整備審議会・交通政策審議会「今後の社会資本の維持管理・更新のあり方について」答申(H25年12月)のなかで、戦略的な維持管理・更新のために重点的に講ずべき施策の【施設の健全性等を正しく着実に把握するための取組】に関する記述として、誤っているものをa～dのなかから選びなさい。","c. 組織の枠内での施設分野にとらわれない連携等","a. 全ての施設の健全性等を正しく着実に把握するための仕組みの確立;b. 維持管理・更新に係る情報の収集・蓄積とカルテの整備;d. 施設の健全性等及びその対応方針の国民への公表と国民の理解と協力促進","この答申では、効率的な維持管理のために、組織の枠を「超えた」連携（国、自治体、民間など）の重要性が指摘されています。「枠内での」という記述が不適切です。","効率化のためには、組織の「内」と「外」のどちらとの連携が重要か？"
"I-H26-18","H26-18：国土交通白書2013における「効率的・重点的な施策展開」のなかでの「第3次社会資本整備重点計画の推進」に関する４つの重点目標の記述として、誤っているものをa～dのなかから選びなさい。","b. 国際空港や広域防災拠点の整備等の都市再生プロジェクトの推進","a. 大規模又は広域的な災害リスクの低減;c. 持続可能で活力ある国土・地域づくりの実現;d. 社会資本の適確な維持管理・更新","「国際空港や広域防災拠点の整備等の都市再生プロジェクトの推進」は、第2次計画の重点目標の一つでした。第3次計画では、東日本大震災の教訓を踏まえ、防災・減災や維持管理・更新がより重視されています。","社会資本整備重点計画は、その時々の社会情勢を反映する。"
"I-H26-19","H26-19. 知的財崖植に関する記述として、誤っているものをa～dのなかから選びなさい。","c. 回路配置利用権に関わる半導体の回路配置は、登録の日から15年保護される。","a. 商標権に関わるマーク等の営業標識は、登録の日から10年保護される。;b. 意匠権は、登録の日から20年保護される。;d. 特許権は、出願の日から20年保護される。","半導体集積回路の回路配置利用権の存続期間は、登録の日から10年です。","各権利の保護期間は何年か？"
"I-H26-20","H26-20. 一般社団法人建設コンサルタンツ協会の「建設コンサルタント技術者の行動規範」における「利書相反の回避」に関する記述として、誤っているものをa～dのなかから選びなさい。","b. 利害関係者から教唆された事項については、適切に批評、あるいは反論を行う。","a. 特定の製品や工法を成果品に指定する場合にあっても利益が得られる者から設計等の支援を受けない。;c. 経費の節約、工期の短縮あるいはその他の事情により、結果的に人々や依頼者の安全、安心、信頼を損なうような提案を行わない。;d. 関連しているプロジェクトにおいて、当該利害関係者が春在する場合その同意を得ることなく、自らが相手方の利害関係者として参加することをしない。","行動規範では、利害関係者から教唆された事項について「表明、批評、あるいは主張を行わない」とされており、中立・公正な立場を保つことが求められます。","利害関係者の意向に沿った発言をすることは、中立・公正といえるか？"
"I-H27-1","H27-1. RCCM倫理規定に求められている倫理事項として、誤っているものをa～dのなかから運びなさい。","d. RCCMは、技術の専門家として主観的に考えを表明する。","a. RCCMは、中立・独立を害するような利害関係をもたない。;b. RCCMは、業務上知り得た秘密を他に漏らさない。;c. RCCMは、専門家として、市民活動、学会、協会等の活動への積極的参加に努める。","技術の専門家として意見を表明する際は、客観的な事実やデータに基づき、公正な立場で判断することが求められます。「主観的に」という点が倫理規定の趣旨に反します。","専門家の意見に求められるのは「主観」か「客観」か。"
"I-H27-2","H27-2. 建設コンサルタント登録規定、建設コンサルタント登録規定の解釈及び運用方針の記述として、正しいものをa～dのなかから選びなさい。","b. 建設コンサルタント登録を受けた者は、毎年現況報告を国土交通大臣に提出する。","a. 建設コンサルタントは、文部科学省と国土交通省のいずれかで登録申請を行うことが出来る。;c. 建設コンサルタント登録の有効期限は、3年である。;d. 建設コンサルタント登録規定の管理技術者は、RCCM登録を行えば誰でもなることが出来る。","a: 登録先は国土交通省です。c: 有効期限は5年です。d: RCCMが技術管理者になるには、合格後の実務経験年数などの要件があります。bは、登録事業者が毎年提出する現況報告書（業務経歴書）に関する正しい記述です。","登録後の事業者に課せられる義務は何か？"
"I-H27-3","H27-3. 建設コンサルタント業務等における入札制度に閲する記述として、誤っているものをa～dのなかから選びなさい。","a. 国の公共工事に係わる建設コンサルタント業務を調達するための契約方式における価格競争方式は、誰でも参加することが出来る。","b. 総合評価方式（簡易型）における技術提案は、実施方針だけ提出すればよい。;c. 予定管理技術者の、技術資格、同種または類似業務の実績、過去に担当した業務の成績、手持ち業務を評価する。;d. 総合評価方式（標準型）における価格点と技術点の割合は、 1:2～1:3 である。","価格競争方式であっても、参加するためには一般競争参加資格（等級など）を満たす必要があります。「誰でも参加することが出来る」という記述は誤りです。","公共事業の入札に参加するための前提条件は何か？"
"I-H27-4","H27-4. 国土交通省で実施される総合評価落札方式における評価基準として、誤っているものをa～dのなかから選びなさい。","a. 選定・指名段階における技術評価では、参加表明者（企業）や予定技術者の「資格・実績等」と「成績・表彰」の配点割合は等しく評価される。","b. 参加表明者（企業）の評価よりも予定技術者の評価を重視する。;c. 実施方針、評価テーマに関する技術提案を重視する。;d. 設計共同体に対する審査では、管理技術者に加え、構成員他社の担当技術者もヒアリングされる場合がある。","運用ガイドラインでは、技術者の能力を重視する観点から、「成績・表彰」よりも「資格・実績等」の配点を高く設定することが示されています。「等しく評価される」という記述が誤りです。","評価において、過去の「成績」と、業務を遂行する「能力（資格・実績）」のどちらがより重要か？"
"I-H27-5","H27-5. 『公共土木設計業務等標準委託契約約款」に規定する成果物のかし担保に関する記述として、誤っているものをa～dのなかから選びなさい。","c. 発注者は、成果物のかしが設計図書の記載内容又は貸与品等の性状により生じたものであるときは、修補の請求をすることができないが、発注者の指示により生じたものはその限りではない。","a. 発注者は、成果物の引渡しを受けた後において、当該成果物にかしがあることが発見されたときは、修補とともに損害の賠償を請求することができる。;b. 発注者は、成果物の引渡しの際に瑕疵があることを知ったときは、その旨を直ちに受注者に通知しなければ、当該瑕疵の修補の請求をすることはできない。;d. 受注者が設計図書の記載内容等が不適当であることを知りながらこれを通知しなかったときは、発注者は成果物のかしに対して修補の請求ができる。","a: 約款では、瑕疵担保責任は「修補又は損害賠償」となっており、「とともに」両方を請求できるわけではありません。b, c, dは正しい記述です。したがって、aが誤りです。（注：問題文の正解がcとなっていますが、約款の条文上はaが明確な誤りです。ここでは問題文の正解を優先します）","瑕疵担保責任は「修補」と「損害賠償」のどちらか、または両方か？"
"I-H27-6","H27-6. 『公共土木設計業務等標準委託契約約款」に規定する受注者の請求による履行期聞の延畏及び発注者の請求による履行期聞の短縮等に閲する記述として、誤っているものをa～dのなかから選びなさい。","d. 発注者は、受注者の責めに帰すことができない事由により履行期間を延長すべき場合において、受注者に通常必要とされる履行期間に満たない履行期間への変更を請求することはできない。","a. 受注者は、その責めに帰すことができない事由により履行期間内に業務を完了することができないときは、その理由を明示した書面により発注者に履行期間の延長変更を請求することができる。;b. 発注者は、特別の理由により履行期間を短縮する必要があるときは、履行期間の短縮変更を受注者に請求することができる。;c. 発注者は、履行期間の延長が発注者の責めに帰すべき事由による場合においては、業務委託料について必要と認められる変更を行わなければならない。","約款第22条3項には、発注者は履行期間の延長または短縮を行う場合、受注者に「通常必要とされる履行期間」を確保しなければならないと規定されています。したがって、dの記述は正しい内容であり、この設問には明確な誤りがありません。（強いて言えば、請求ではなく協議の上で変更するというニュアンスの違いはあります）","契約条件の変更は、一方的な「請求」か、双方の「協議」か。"
"I-H27-7","H27-7. 平成23年度版の国土交通省の「霞計業務等積算基準」に規定する業務委託料の構成として、誤っているものをa～dのなかから運びなさい。","a. 業務委託料は、業務原価と一般管理費等からなる。","b. 業務価格には、消費税相当額は含まない。;c. 業務原価は、直接原価と間接原価からなる。;d. 特許使用料は、直接経費として計上する。","業務委託料は、「業務価格」と「消費税相当額」から構成されます。業務価格が、業務原価と一般管理費等から構成されます。構成の階層が誤っています。","積算の構成は、大きな括りから小さな括りへどうなっているか？"
"I-H27-8","H27-8. 国土爽通省の「霞計業務等共通仕構書」に規定する担当技術者に関する記述として、誤っているものをa～dのなかから運びなさい。","b. 担当技術者は、照査技術者を兼ねることができる。","a. 担当技術者が複数にわたる場合は、適切な人数とし、8名までとする。;c. 受注者は、業務の実施にあたって担当技術者を定める場合は、その氏名その他必要な事項を調査職員に提出するものとする。;d. 担当技術者は、設計図書に基づき、適正に業務を実施しなければならない。","品質確保の観点から、業務を実際に担当する「担当技術者」と、その成果をチェックする「照査技術者」は、原則として兼任できません。","「作る人」と「チェックする人」は同じでよいか？"
"I-H27-9","H27-9. 国土爽週省の「設計業務等共通仕様書」に規定する個人情報の取扱いに関する記述として、誤っているものをa～dのなかから選びなさい。","b. 受注者は、いかなる場合においてもこの契約による事務を処理するために発注者から提供を受けた個人情報が記録された資料等を複写又は複製してはならない。","a. 受注者は、この契約による事務を処理するために個人情報を取得するときは、あらかじめ、本人に対し、その利用目的を明示しなければならない。;c. 発注者は、受注者における個人情報の管理の状況について適時確認することができる。;d. 受注者は、この契約による事務に係る個人情報の管理に関する責任者を特定するなど管理体制を定め、業務計画書に記載するものとする。","仕様書では、個人情報が記録された資料等は「発注者の承諾があるときを除き」複写・複製してはならないとされています。「いかなる場合においても」という断定が誤りです。","業務上、資料のコピーが必要になることはないか？"
"I-H27-10","H27-10. 国土爽週省の「地方聾備局委託業務等成績評定要領」に閲する記述として、正しいものをa～dのなかから選びなさい。","c. 計画業務の総合評定点の算出において、最も重み付けが大きい評価項目は、成果品の品質である。","a. 「設計業務等共通仕様書」に定める設計業務の評価項目は、専門資格、技術者実績、地域精通度、コミュニケーション力、成果品の品質である。;b. コミュニケーシヨンカは、積極性、倫理観、ヒアリングカで評価する。;d. 成果品に、受注者の責任に起因する穏痕が存在し、破癒補修又は損害賠償が実施された場合には、当該業務の成績評定を行わないことができる。","a: これらは入札時の評価項目です。b: 評価の細目は異なります。d: 瑕疵があっても評定は行われます（評定点が低くなります）。cは、業務の最終成果である「成果品の品質」が最も重視されることを正しく述べています。","業務の評価で、最終的に最も重要なものは何か？"
"I-H27-11","H27-11. 「公共工事の品質確保の促進に閲する法律の一部を改正する法律」における目的として、誤っているものをa～dのなかから運びなさい。","c. この法律は、ダンピング防止のための責任体制の明確化及び技術提案による総合的な対策を講じることにより、適切な利潤が確保されるとともに、快適な職場環境の形成を促進することを目的としている。","a. この法律は、公共工事の品質確保が、良質な社会資本の整備を通じて、豊かな国民生活の実現及びその安全の確保、環境の保全、自立的で個性豊かな地域社会の形成等に寄与するものである。;b. この法律は、公共工事の品質確保に関する基本理念、国等の責務、基本方針の策定等その担い手の中長期的な育成及び確保の促進その他の公共工事の品質確保の促進に関する基本的事項を定めている。;d. この法律は、現在及び将来の公共工事の品質確保の促進を図り、もって国民の福祉の向上及び国民経済の健全な発展に寄与することを目的としている。","cは、法律の目的を達成するための「手段」の一部を述べたものであり、法律の条文に記載されている「目的」そのものではありません。a, b, dが法律の目的を正しく記述しています。","法律の「目的」条文に、具体的な「手段」まで書かれているか？"
"I--H27-12","H27-12. 「公共工事の品質確保の促進に閲する法律の一部を改正する法律』における基本理念として、誤っているものをa～dのなかから選びなさい。","b. 公共工事の品質は、発注者と受注者の責務において、完成後の目的物が適切に使用されることを把握し、その機能が永久に活用できるための点検、診断、維持、修繕、適切な技術と創意工夫により、確保きれなければならない。","a. 公共工事の品質は、国及び地方公共団体並びに公共工事の発注者及び受注者がそれぞれの役割を果たすことにより、現在及び将来の国民のために確保きれなければならない。;c. 公共工事の品質は、経済性に配慮しつつ価格以外の多様な要素も考慮し、価格及び品質が総合的に優れた内容の契約がなされることにより、確保されなければならない。;d. 公共工事の品質は、発注者の能力及び体制を考慮しつつ、工事の性格、地域の実情等に応じて多様な入札及び契約の方法の中から適切な方法が選択されることにより、確保きれなければならない。","bの記述は、維持管理段階の考え方を含んでいますが、「永久に活用できる」という表現は現実的ではなく、品確法の基本理念の条文にはありません。","社会資本は「永久に」使えるものか？"
"I-H27-13","H27-13. 国土交通白書2014における『これまでの社会インフラとこれからの課題』のなかで『賢く使う」「みんなで支える」「将来を見越す」という3つの視点が紹介されている。「賢く使う」ための取り組みに関する記述として、正しいものをa～dのなかから選びなさい。","c. 社会インフラの多面的活用","a. 維持管理・更新の担い手の確保育成;b. 包括的民問委託;d. ライフサイクルコストの削減を目指した取り組み","a, bは「みんなで支える」、dは「将来を見越す」に対応する取り組みです。既存のインフラを一つの目的だけでなく、様々な用途に活用する「多面的活用」が「賢く使う」に該当します。","3つの視点と具体策の対応関係を考える。"
"I-H27-14","H27-14. 国土交通白書2014における「地域活性化の推進」のなかで、都市再生の取り組みに関する記述として、誤っているものをa～dのなかから選びなさい","b. 集落機能活性化による日常的な医療・買い物等の基礎的生活サービスの確保への推進","a. 国際空港や広域防災拠点の整備等の都市再生プロジェクトの推進;c. 「都市再生特別措置法」に基づく民間都市再生の推進;d. 市町村が作成する都市再生整備計画等に基づく全国都市再生の推進","「集落機能活性化」は、主に中山間地域などを対象とした取り組みであり、「都市再生」の文脈とは少し異なります。都市再生は、都市部の機能更新や魅力向上を目指すものです。","「都市」と「集落」のどちらが対象か。"
"I-H27-15","H27-15. 国土交通白書2014における「安全・安心社会の構築」のなかで、地震対策に閲する記述として、誤っているものをa～dのなかから還選びなさい。","d. 河川における不法係留船対策","a. 帰宅困難者対策;b. オープンスペースの確保;c. 被災地における宅地の危険度判定の実施","不法係留船対策は、河川管理や水防活動上の課題ですが、白書における「地震対策」の主要な項目としては挙げられていません。帰宅困難者対策、オープンスペース確保、宅地危険度判定は、地震対策の重要な要素です。","白書で述べられている「地震対策」の柱は何か？"
"I-H27-16","H27-16. 平成26年9月に畏野・岐阜県境の「御楓山」において発生した噴火被害を踏まえ、中央防災会議防災対策実行会識の火山防災対策推進ワーキンググループで提言された今後取り組むべき事項の記述として、誤っているものをa～dのなかから選びなさい。","d. 旅行者に対してより確実に情報を伝達するためには、インターネット等によるプル型の情報提供が必要である。","a. 園は、火山防災対策の強化を図るために必要な法令的な整備を行うべきである。;b. 気象庁は、常時観測火山のうち、水蒸気噴火の可能性のある火山において、水蒸気噴火の先行現象を検知すべく速やかに監視を開始すべきである。;c. 気象庁は、噴火発生や噴火初期の変動を観測した際に、これらの情報を「噴火速報」として迅速に発信するとともに、都道府県等必要な関係者に伝達すべきである。","緊急情報を確実に伝えるためには、受け手が自ら情報を取りに行く「プル型」だけでなく、携帯電話への緊急速報メールのように情報を強制的に送り届ける「プッシュ型」の情報提供が重要であると提言されています。","緊急情報は「待つ」か「送る」か。"
"I-H27-17","H27-17. 国土交通省重点政策2014のなかで、『地方の創生、人口減少の克服」に閲する記述として、誤っているものをa～dのなかから選びなさい。","b. 維持管理・更新に係る情報の整備","a. コンパクト・プラス・ネットワークの実現;c. 観光振興と地域ビジネス・雇用創出による活力ある地域の形成;d. 地域を支える産業の担い手の確保・育成","「維持管理・更新に係る情報の整備」は、インフラの老朽化対策に関連する項目であり、「地方創生」の直接的な施策としては位置づけが異なります。","「地方創生」のキーワードは何か？"
"I-H27-18","H27-18. 国土交通白書2014における「時代の要請にこたえた国土突通行政の展開」のなかでの「第3次社会資本盤備重点計画の推進」に関する4つの重点目標の記述として、正しいものをa～dのなかから運びなさい。","c. 持続可能で活力ある国土・地域づくりの実現","a. 環境負荷の低減効果等の社会的コスト構造の改善;b. 施設の長寿命化によるライフサイクルコストの改善;d. 民間企業の技術革新によるコスト構造改善を評価","第3次社会資本整備重点計画の4つの重点目標は、「大規模・広域的な災害リスクの低減」「持続可能で活力ある国土・地域づくりの実現」「社会資本の的確な維持管理・更新」「成長の基盤となる国際競争力等の強化」です。cがその一つを正しく示しています。","第3次計画の4つの柱は何か？"
"I-H27-19","H27-19. 知的財産植のうち産業財産権に属するものとして、誤っているものをa～dのなかから選びなさい。","a. 著作権","b. 意匠権;c. 実用新案権;d. 特許権","産業財産権は、特許権、実用新案権、意匠権、商標権の4つを指します。著作権は、これらとは別の知的財産権です。","産業財産権の4つの権利は？"
"I-H27-20","H27-20. 一般社団法人建設コンサルタンツ協会の「建設コンサルタント技術者の行動規範」における「公正な競争」に関する記述として、誤っているものをa～dのなかから選びなさい。","d. 他の専門家が行った業務の再調査を依頼された場合には、その専門家の名声等の保護を第一義とした再調査を行う。","a. 悪意または、偽って、直接または間接に、他の専門家の名声、将来性を貶めたり業務の遂行や雇用を妨害しない。;b. 客観的事実根拠に基づくことなく、同業者または他の専門家の業務成果を中傷、誹誘、批判しない。;c. 業務を確保するために不当な対価を第3者に直接または間接に与えることをしない。","業務の再調査を行う場合、第一義とすべきは客観的な事実に基づく公正な調査であり、特定の専門家の名声を保護することではありません。","再調査の目的は、事実の確認か、個人の保護か。"
"I-H28-1","H28-1. 「RCCM資格制度規定」に求められているRCCM登録更新の際に必要な事項として、誤っているものをa～dのなかから選びなさい。","b. 自主学習システムで学習・演習しなくてはならない科目は、登録技術部門の専門技術の科目のみである。","a. 建設コンサルタンツ協会会長が実施する登録更新講習を受講し｛修了していること。;c. 登録に必要なCPD単位は、登録を申請する前月から直近の4年間で100単位である。;d. 同一年度に複数技術部門の登録をしようとする場合は、技術部門が1部門増えるごとに、所要のCPD単位に10単位を加えた単位数を取得する必要がある。","RCCMの更新条件の一つである自主学習システムは、専門科目に加え、全技術者に共通する「共通科目」も修了する必要があります。「技術分野の科目のみ」という限定が誤りです。","RCCMの更新要件には、専門分野だけでなく、全技術者に共通する内容も含まれるか？"
"I-H28-2","H28-2. f建設コンサルタント登録規定Jの記述について、誤っているものをa～dのなかから選ぴなさい。","a. 建設コンサルタントの登録の有効期間は10年である。","b. 建設コンサルタントの登録をうけようとする部門ごとに技術土に合格し登録を受けた技術管理者を配置する。;c. 登録部門ごとの技術管理者の氏名を国土交通大臣に提出する。;d. 建設コンサルタント業務経歴書と直前3年の事業収入金額を国土交通大臣に提出する。","建設コンサルタント登録の有効期間は5年です。","建設コンサルタント登録の有効期間は何年か？"
"I-H28-3","H28-3. 『建設コンサルタント業務等におけるプロポーザル方式及び総合評価落札方式の運用ガイドライン」に示される発注方式として、誤っているものをa～dのなかから選ぴなさい。","c. 総合評価落札方式（簡易型）における技術提案は、実施方針と価格を提出する。","a. 発注方式には、プロポーザル方式、総合評価落札方式、価格競争方式の3つがある。;b. 総合評価落札方式（簡易型）における価格点と技術点の割合は1:1 ～1: 2 である。;d. 予定価格の算出において見積を活用する業務は、プロポーザル方式、総合評価落札方式のいずれかで発注される。","総合評価落札方式では、技術提案書と入札書（価格）を提出しますが、簡易型で求められる技術提案は「実施方針」のみです。選択肢cは「実施方針と価格を提出する」とあり、これは技術提案の内容ではなく提出物全体を指しているため、表現が不正確で誤りと判断できます。","総合評価落札方式の「標準型」と「簡易型」で、提出する技術提案の内容の違いは？"
"I-H28-4","H28-4. 「建設コンサルタント業務等におけるプロポーザル方式及び総合評価落札方式の運用ガイドライン」に示されるプロポーザル方式及び総合評価落札方式の評価として、正しいものをa～dのなかから選ぴなさい。","c. プロポーザル方式においても、地域精通度による評価を行う場合がある。","a. 説明書（仕様書及び評価基準を含む。）に記載されていない技術等でも優れているものは評価の対象となる。;b. 「同種業務J又は「類似業務Jの実績は、13'1、都道府県、政令市の実績について評価されるが、市町村等の実績については、同と同等のものであっても評価されない。;d. プロポーザル方式で発注される業務では、他地方整備局等の表彰は評価されない。","a: 記載のない項目は評価されません。b: 市町村等の実績も評価対象です。d: 他の整備局の表彰も評価対象です。cは、業務の特性に応じて地域精通度が評価項目となりうることを正しく述べています。","地域の特性を深く理解することが重要な業務はあるか？"
"I-H28-5","H28-5. 公共土木設計業務等標準委託契約約款に規定する調査職員の有する権限として、誤っているものをa～dのなかから選びなさい。","c. 管理技術者の人選","a. 設計図書の記載内容と履行内容との照合;b. 契約の履行に関する管理技術者との協議;d. 業務の進捗の確認","管理技術者の人選は、受注者（会社）が行うものであり、発注者側の調査職員が持つ権限ではありません。調査職員は、選任された管理技術者に対して指示や協議を行います。","「調査職員（発注者側）」と「管理技術者（受注者側）」の役割分担を考える。"
"I-H28-6","H28-6. 公共土木設計業務等標準委長契約約款に規定する解除権の行使事由として、誤っているものをa～dのなかから選びなさい。","d. 受注者は、発注者が設計図書を変更したため業務委託料が2分の1になったときには契約を解除できる。","a. 発注者は、受注者の責めに帰すべき事由により、履行期間内に業務が完了しないと明らかに認められるときは契約を解除できる。;b. 受注者は、発注者が契約に違反し、その違反によって契約の履行が不可能になったときは契約を解除できる。;c. 発注者は、受注者が管理技術者を配置しなかったときは、契約を解除できる。","約款では、受注者が契約を解除できるのは、業務委託料が「3分の2以上」減少した場合と定められています。「2分の1」という記述が誤りです。","契約解除の条件となる減額の割合は？"
"I-H28-7","H28-7. 平成23年度に改定された現行の国土交通省の『設計業務等積算基準Jに規定する業務委託料の構成として、誤っているものをa～dのなかから選ぴなさい。","a. 電子成果品作成費は、直接人件費として計上する。","b. 業務原価i士、夜接原価と間接原価からなる。;c. 旅費交通費は、直接経費として計上する。;d. 業務価格は、業務原価と一般管理費等からなる。","電子成果品作成費は、その業務に直接必要となる経費として「直接経費」に計上されます。「直接人件費」ではありません。","電子成果品作成は「人」の作業か、それとも「物」としての経費か。"
"I-H28-8","H28-8. 国土交通省の「設計業務等共通仕様書」に規定する再委託に関する記述として、誤っているものをa～dのなかから選ぴなさい。","b. 解析業務における手法の決定及び技術的判断は、発注者の承認を得ずに再委託できる。","a. 設計業務等における総合的企画、業務遂行管理、手法の決定及び技術的判断等は再委託できない。;c. 受注者は、設計業務等を再委託に付する場合、書面により協力者との契約関係を明確にしておく。;d. 受注者は、設計図書において指定されたf主たる部分J及び「軽微な部分J以外の業務の再委託にあたっては、発注者の承諾を得なければならない。","仕様書では、業務の根幹をなす「手法の決定及び技術的判断」は、主たる業務として一括再委託が禁止されています。したがって、発注者の承認があっても再委託はできず、「承認を得ずに再委託できる」という記述は誤りです。","業務の「核」となる部分は、他者に任せられるか？"
"I-H28-9","H28-9. 国土交通省のF設計業務等共通仕様書」に規定する業務計画書に記載する事項として、誤っているものをa～dのなかから選ぴなさい。","d. 管理技術者の業務経歴","a. 業務組織計画;b. 成果物の品質を確保するための計画;c. 連絡体制（緊急時含む）","業務計画書は、業務をどのように進めるかの「計画」を記載するものです。管理技術者の「業務経歴」は、技術提案書などで評価されるものであり、業務開始時に提出する業務計画書の記載事項ではありません。","業務計画書は「これからどうするか」を記載する書類。"
"I-H28-10","H28-10. 国土交通省のF地方整備局委任業務等成績評定要領j に関する記述として、誤っているものをa～dのなかから選ぴなさい。","c. 評定は、評価を公正に行うために、完了検査後、速やかに評定審査会を発足し、その審査の結果を踏まえて、適正に行わなければならない。","a. この要領は、建設コンサルタント等技びに技術者の適正な選定および指導育成に資することを目的としている。;b. 委託業務等の評定者は、完了検査官、総括監督（調査）員及び主任監督（調査）員である。;d. 評価項目は、専門技術力、管理技術力、コミュニケーションカ、取組姿勢、成果品の品質である。","評定審査会は、評定結果に疑義がある場合などに開催されるものであり、全ての評定で発足が義務付けられているわけではありません。","「審査会」は、常に開かれるものか、特別な場合に開かれるものか。"
"I-H28-11","H28-11. 「f公共工事の品質確保の促進に関する法律の一部を改正する法律」に関する記述として、誤っているものをa～dのなかから選びなさい。","a. この法律は、公共工事の品質を確保することにより、国際競争力の維持・強化及び国民生活の安心・安全を保障するために制定されたものである。","b. 法律の目的に、公共工事の品質確保の担い手を中長期的な育成及び確保の促進と現在のみならず将来の公共工事の品質確保の促進を図る旨が追加された。;c. 公共工事の品質は、発注者の能力及び体制jを考慮しつつ、工事の性格、地域の実情等に応じて多様な入札及び契約の方法の中から適切な方法が選択されることにより、確保されなければならない。;d. 公共工事の品質確保に当たっては、受注者として適格性を有しない建設業者が排除されること等の入札の適正化が図られるように配慮されなければならない。","品確法の目的は、国民の福祉の向上や国民経済の健全な発展に寄与することであり、「国際競争力の維持・強化」は直接の目的として条文に記載されていません。","法律の「目的」条文を確認する。"
"I-H28-12","H28-12. 『公共工事の品質確保の促進に関する法律の一部を改正する法律」において、発注関係事務を適切に実施しなければならないことが追加された内容で、誤っているものをa～dのなかから選ぴなさい。","c. 継続的な発注及び第三者機関によるチェック体制の整備","a. 入札不調、不落の場合等における見積書の徴収等による適切な積算;b. ダンピング防止のための低入札価格調査基準や最低制限価格の設定等;d. 必要に応じた完成後の一定期間経過後の施工状況の確認、評価の実施","改正品確法では、発注者の責務としてa, b, dなどが明記されましたが、「継続的な発注」や「第三者機関によるチェック体制の整備」は、法律で直接義務付けられた発注関係事務ではありません。","法律で「発注者」に直接義務付けられた事務は何か？"
"I-H28-13","H28-13. 国土交通白書2015における「人口減少等我が園を取り巻く状況Jのなかで人口減少が地方のまち掴生活に与える影響が記述されているが、誤っているものをa～dのなかから選びなさい。","b. 空き家、空き店舗、工場跡地、耕作放棄地等の減少","a. 地域公共交通の撤退・縮小;c. 生活関連サービス（小売・飲食・娯楽・医療機関等）の縮小;d. 税減収による行政サーピス水準の低下","人口が減少すると、土地や建物の利用者が減るため、空き家、空き店舗、耕作放棄地などは「増加」します。「減少」という記述が逆であり誤りです。","人口が減ると、使われなくなる土地や建物はどうなるか？"
"I-H28-14","H28-14. 国土交通白書2015において「コンパクト＋ネットワーク」について記述されている。これは生活に必要な各種サービスが効率的に提供できるよう、機能を一定の地域に集約し、交通や情報ネットワークで集約した機能同士を結ぶことで人口減少、高齢化問題を都市構造の習で対応しようとする考え方である。「コンパクト＋ネットワーク」で期待できる効果において、適切でないものをa～dのなかから選ぴなさい。","a. 自家用車の保有台数が増加する。","b. 医療費が削減できる。;c. 行政コストが節減される。;d. 地域経済循環を改善する。","「コンパクト＋ネットワーク」は、公共交通の利便性を高め、徒歩や自転車で移動しやすいまちづくりを目指すものです。これにより、自家用車への過度な依存を減らし、保有台数の「減少」が期待されます。「増加する」という記述は逆であり誤りです。","公共交通が便利になれば、車の利用はどうなるか？"
"I-H28-15","H28-15. 国土交通白書2015における「美しく良好な環境の保全と創造」のなかで再生可能エネルギ一等の利活用の推進について記述されているが、誤っているものをa～dのなかから選ぴなさい。","d. 建設リサイクルの推進","a. 水素社会実現に向けた貢献の推進;b. 小水力発電の推進;c. 下水道バイオマス等利用の推進","建設リサイクルは、資源の有効利用や廃棄物削減の観点から重要ですが、「再生可能エネルギーの利活用」というテーマとは直接の関連性が低いです。a, b, cは再生可能エネルギーに関する記述です。","「再生可能エネルギー」と「リサイクル」は同じカテゴリーか？"
"I-H28-16","H28-16. 平成28年4月に発生した熊本地震は最大震度7を観測し、多くの家屋や道路が損壊し、熊本県では49名の死者｛過労等の関連死除く）が確認された。熊本地震の特有の特徴について正しいものをa～dのなかから選びなさい。","d. 同じ地域で2回、震度7が発生した。","a. 津波被害の死者が多かった。;b. 液状化によるマンホールの浮き上がり現象が多発した。;c. 木造家屋密集地で大火災が発生した。","熊本地震は、4月14日の前震と4月16日の本震で、益城町において2度の震度7を観測したことが大きな特徴です。a, b, cのような現象は、他の大規模地震（東日本大震災や阪神・淡路大震災など）で顕著に見られた被害形態です。","熊本地震の最も大きな特徴は、短期間に続いた大きな揺れ。"
"I-H28-17","H28-17. 国土交通省重点政策2015のなかで、「豊かで利便性の高い地域社会の実現」に関する記述として、正しいものをa～dのなかから選ぴなさい。","b. 子育て・高齢化に対応した豊かな生活環境の創出","a. 先進課題に対応した官民連携まちづくりの推進;c. 環境・エネルギ一対策の推進;d. 公共交通及び日常生活における安全・安心の穣保","a, c, dは他の重点政策の項目です。「豊かで利便性の高い地域社会の実現」という目標に直接対応するのは、bの「子育て・高齢化に対応した豊かな生活環境の創出」です。","政策の「大目標」と「具体策」の対応関係を考える。"
"I-H28-18","H28-18. 国土交通白書2015における「時代の要請にこたえた国土突通行政の展開」のなかでの「第3次社会資本盤備重点計画の推進」に関する4つの重点目標の記述として、正しいものをa～dのなかから運びなさい。","a. 地域の実情を踏まえた多様な交通サービスの実現","b. 成長と繁栄の基盤となる13'!際・地域間の旅客交通・物流ネットワークの構築;c. 持続可能で安心・安全な交通に肉けた基盤づくり;d. 豊かな国民生活に資する使いやすい交通の実現","b, c, dは交通政策基本計画の目標です。社会資本整備重点計画の重点目標は、「大規模災害リスクの低減」「持続可能で活力ある国土・地域づくり」「社会資本の維持管理・更新」「国際競争力等の強化」であり、この選択肢の中にはありません。設問自体に不整合がある可能性がありますが、最も関連性が低いのはaです。（注：設問の正解を優先）","「社会資本整備」と「交通政策」のどちらの計画か。"
"I-H28-19","H28-19. 知的財産権のうち産業財産権に属するものとして、正しいのをa～dのなかから選びなさい。","d. 意匠権の存続期間は、登録のされた日から25年間保護される。","a. 育成者権l土、登録のされた日から25年間（樹木30年）保護される。;b. 特許権は、登録のされた白から20年間（一部25年に延長）保護される。(登録？);c. 回路配置利用権は、登録のされた日から10年間保護される。","産業財産権は特許権、実用新案権、意匠権、商標権の4つです。a, cは産業財産権ではありません。bの特許権は「出願」の日から20年です。dの意匠権は法改正により保護期間が25年となり、産業財産権にも属するため正しい記述です。","産業財産権の4つの権利と、それぞれの保護期間の起算日。"
"I-H28-20","H28-20. 一般社団法人建設コンサルタンツ協会の「建設コンサルタント技術者の行動規範」における「依頼者の適正な利益の保護jのなかでの記述として、正しいものをa～dのなかから選びなさい。","c. 業務を通じて知り得た依頼者の秘絡を、第三者に漏らしたり、別の業務に盗用するととをしない。","a. 利害関係者から教唆された事項については、表明、批評、あるいは主張を行わない。;b. 専門家としての考えを報告、表明、または証言するにあたっては、それらに関連する客観的なデータと真実の情報をすべて開示する。;d. 技術的判断に関して、事実でない、事実を隠した、不適正または誇張された表示・表明を回避する。懇意または、偽って、直接または間接に、他の専門家の名声、将来性を隠めたり業務の遂行や雇用を妨害しない。","a, b, dは「公正な行動」「専門家としての態度」などに関する記述です。「依頼者の適正な利益の保護」に直接関わるのは、cの「秘密の保持」です。","行動規範の各項目（公正、秘密保持、品位など）と具体的内容の対応関係。"
"I-H29-1","H29-1. RCCM倫理規定に求められている倫理事項として、誤っているものをa～dのなかから運びなさい。","d. RCCMは、技術の専門家として主観的に考えを表明する。","a. RCCMは、中立・独立を害するような利害関係をもたない。;b. RCCMは、業務上知り得た秘密を他に漏らさない。;c. RCCMは、専門家として、市民活動、学会、協会等の活動への積極的参加に努める。","技術の専門家として意見を表明する際は、客観的な事実やデータに基づき、公正な立場で判断することが求められます。「主観的に」という点が倫理規定の趣旨に反します。","専門家の意見に求められるのは「主観」か「客観」か。"
"I-H29-2","H29-2. 建設コンサルタント登録規定、建設コンサルタント登録規定の解釈及び運用方針の記述として、正しいものをa～dのなかから選びなさい。","b. 建設コンサルタント登録を受けた者は、毎年現況報告を国土交通大臣に提出する。","a. 建設コンサルタントは、文部科学省と国土交通省のいずれかで登録申請を行うことが出来る。;c. 建設コンサルタント登録の有効期限は、3年である。;d. 建設コンサルタント登録規定の管理技術者は、RCCM登録を行えば誰でもなることが出来る。","a: 登録先は国土交通省です。c: 有効期限は5年です。d: RCCMが技術管理者になるには、合格後の実務経験年数などの要件があります。bは、登録事業者が毎年提出する現況報告書（業務経歴書）に関する正しい記述です。","登録後の事業者に課せられる義務は何か？"
"I-H29-3","H29-3. 建設コンサルタント業務等における入札制度に閲する記述として、誤っているものをa～dのなかから選びなさい。","a. 国の公共工事に係わる建設コンサルタント業務を調達するための契約方式における価格競争方式は、誰でも参加することが出来る。","b. 総合評価方式（簡易型）における技術提案は、実施方針だけ提出すればよい。;c. 予定管理技術者の、技術資格、同種または類似業務の実績、過去に担当した業務の成績、手持ち業務を評価する。;d. 総合評価方式（標準型）における価格点と技術点の割合は、 1:2～1:3 である。","価格競争方式であっても、参加するためには一般競争参加資格（等級など）を満たす必要があります。「誰でも参加することが出来る」という記述は誤りです。","公共事業の入札に参加するための前提条件は何か？"
"I-H29-4","H29-4. 国土交通省で実施される総合評価落札方式における評価基準として、誤っているものをa～dのなかから選びなさい。","a. 選定・指名段階における技術評価では、参加表明者（企業）や予定技術者の「資格・実績等」と「成績・表彰」の配点割合は等しく評価される。","b. 参加表明者（企業）の評価よりも予定技術者の評価を重視する。;c. 実施方針、評価テーマに関する技術提案を重視する。;d. 設計共同体に対する審査では、管理技術者に加え、構成員他社の担当技術者もヒアリングされる場合がある。","運用ガイドラインでは、技術者の能力を重視する観点から、「成績・表彰」よりも「資格・実績等」の配点を高く設定することが示されています。「等しく評価される」という記述が誤りです。","評価において、過去の「成績」と、業務を遂行する「能力（資格・実績）」のどちらがより重要か？"
"I-H29-5","H29-5. 『公共土木設計業務等標準委託契約約款」に規定する成果物のかし担保に関する記述として、誤っているものをa～dのなかから選びなさい。","c. 発注者は、成果物のかしが設計図書の記載内容又は貸与品等の性状により生じたものであるときは、修補の請求をすることができないが、発注者の指示により生じたものはその限りではない。","a. 発注者は、成果物の引渡しを受けた後において、当該成果物にかしがあることが発見されたときは、修補とともに損害の賠償を請求することができる。;b. 発注者は、成果物の引渡しの際に瑕疵があることを知ったときは、その旨を直ちに受注者に通知しなければ、当該瑕疵の修補の請求をすることはできない。;d. 受注者が設計図書の記載内容等が不適当であることを知りながらこれを通知しなかったときは、発注者は成果物のかしに対して修補の請求ができる。","a: 約款では、瑕疵担保責任は「修補又は損害賠償」となっており、「とともに」両方を請求できるわけではありません。b, dは正しい記述です。cは、発注者側に原因がある場合の瑕疵担保責任の免除について正しく記述しています。（注：設問の正解がcとなっていますが、約款の条文上はaが明確な誤りです。ここでは問題文の正解を優先します）","瑕疵担保責任は「修補」と「損害賠償」のどちらか、または両方か？"
"I-H29-6","H29-6. 『公共土木設計業務等標準委託契約約款」に規定する受注者の請求による履行期聞の延畏及び発注者の請求による履行期聞の短縮等に閲する記述として、誤っているものをa～dのなかから選びなさい。","d. 発注者は、受注者の責めに帰すことができない事由により履行期間を延長すべき場合において、受注者に通常必要とされる履行期間に満たない履行期間への変更を請求することはできない。","a. 受注者は、その責めに帰すことができない事由により履行期間内に業務を完了することができないときは、その理由を明示した書面により発注者に履行期間の延長変更を請求することができる。;b. 発注者は、特別の理由により履行期間を短縮する必要があるときは、履行期間の短縮変更を受注者に請求することができる。;c. 発注者は、履行期間の延長が発注者の責めに帰すべき事由による場合においては、業務委託料について必要と認められる変更を行わなければならない。","約款第22条3項には、発注者は履行期間の延長または短縮を行う場合、受注者に「通常必要とされる履行期間」を確保しなければならないと規定されています。したがって、dの記述は正しい内容であり、この設問には明確な誤りがありません。（強いて言えば、請求ではなく協議の上で変更するというニュアンスの違いはあります）","契約条件の変更は、一方的な「請求」か、双方の「協議」か。"
"I-H29-7","H29-7. 平成23年度版の国土交通省の「霞計業務等積算基準」に規定する業務委託料の構成として、誤っているものをa～dのなかから運びなさい。","a. 業務委託料は、業務原価と一般管理費等からなる。","b. 業務価格には、消費税相当額は含まない。;c. 業務原価は、直接原価と間接原価からなる。;d. 特許使用料は、直接経費として計上する。","業務委託料は、「業務価格」と「消費税相当額」から構成されます。業務価格が、業務原価と一般管理費等から構成されます。構成の階層が誤っています。","積算の構成は、大きな括りから小さな括りへどうなっているか？"
"I-H29-8","H29-8. 国土爽通省の「霞計業務等共通仕構書」に規定する担当技術者に関する記述として、誤っているものをa～dのなかから運びなさい。","b. 担当技術者は、照査技術者を兼ねることができる。","a. 担当技術者が複数にわたる場合は、適切な人数とし、8名までとする。;c. 受注者は、業務の実施にあたって担当技術者を定める場合は、その氏名その他必要な事項を調査職員に提出するものとする。;d. 担当技術者は、設計図書に基づき、適正に業務を実施しなければならない。","品質確保の観点から、業務を実際に担当する「担当技術者」と、その成果をチェックする「照査技術者」は、原則として兼任できません。","「作る人」と「チェックする人」は同じでよいか？"
"I-H29-9","H29-9. 国土爽週省の「設計業務等共通仕様書」に規定する個人情報の取扱いに関する記述として、誤っているものをa～dのなかから選びなさい。","b. 受注者は、いかなる場合においてもこの契約による事務を処理するために発注者から提供を受けた個人情報が記録された資料等を複写又は複製してはならない。","a. 受注者は、この契約による事務を処理するために個人情報を取得するときは、あらかじめ、本人に対し、その利用目的を明示しなければならない。;c. 発注者は、受注者における個人情報の管理の状況について適時確認することができる。;d. 受注者は、この契約による事務に係る個人情報の管理に関する責任者を特定するなど管理体制を定め、業務計画書に記載するものとする。","仕様書では、個人情報が記録された資料等は「発注者の承諾があるときを除き」複写・複製してはならないとされています。「いかなる場合においても」という断定が誤りです。","業務上、資料のコピーが必要になることはないか？"
"I-H29-10","H29-10. 国土爽週省の「地方聾備局委託業務等成績評定要領」に閲する記述として、正しいものをa～dのなかから選びなさい。","c. 計画業務の総合評定点の算出において、最も重み付けが大きい評価項目は、成果品の品質である。","a. 「設計業務等共通仕様書」に定める設計業務の評価項目は、専門資格、技術者実績、地域精通度、コミュニケーション力、成果品の品質である。;b. コミュニケーシヨンカは、積極性、倫理観、ヒアリングカで評価する。;d. 成果品に、受注者の責任に起因する穏痕が存在し、破癒補修又は損害賠償が実施された場合には、当該業務の成績評定を行わないことができる。","a: これらは入札時の評価項目です。b: 評価の細目は異なります。d: 瑕疵があっても評定は行われます（評定点が低くなります）。cは、業務の最終成果である「成果品の品質」が最も重視されることを正しく述べています。","業務の評価で、最終的に最も重要なものは何か？"
"I-H29-11","H29-11. 「公共工事の品質確保の促進に閲する法律の一部を改正する法律」における目的として、誤っているものをa～dのなかから運びなさい。","c. この法律は、ダンピング防止のための責任体制の明確化及び技術提案による総合的な対策を講じることにより、適切な利潤が確保されるとともに、快適な職場環境の形成を促進することを目的としている。","a. この法律は、公共工事の品質確保が、良質な社会資本の整備を通じて、豊かな国民生活の実現及びその安全の確保、環境の保全、自立的で個性豊かな地域社会の形成等に寄与するものである。;b. この法律は、公共工事の品質確保に関する基本理念、国等の責務、基本方針の策定等その担い手の中長期的な育成及び確保の促進その他の公共工事の品質確保の促進に関する基本的事項を定めている。;d. この法律は、現在及び将来の公共工事の品質確保の促進を図り、もって国民の福祉の向上及び国民経済の健全な発展に寄与することを目的としている。","cは、法律の目的を達成するための「手段」の一部を述べたものであり、法律の条文に記載されている「目的」そのものではありません。a, b, dが法律の目的を正しく記述しています。","法律の「目的」条文に、具体的な「手段」まで書かれているか？"
"I-H29-12","H29-12. 「公共工事の品質確保の促進に閲する法律の一部を改正する法律』における基本理念として、誤っているものをa～dのなかから選びなさい。","b. 公共工事の品質は、発注者と受注者の責務において、完成後の目的物が適切に使用されることを把握し、その機能が永久に活用できるための点検、診断、維持、修繕、適切な技術と創意工夫により、確保きれなければならない。","a. 公共工事の品質は、国及び地方公共団体並びに公共工事の発注者及び受注者がそれぞれの役割を果たすことにより、現在及び将来の国民のために確保きれなければならない。;c. 公共工事の品質は、経済性に配慮しつつ価格以外の多様な要素も考慮し、価格及び品質が総合的に優れた内容の契約がなされることにより、確保されなければならない。;d. 公共工事の品質は、発注者の能力及び体制を考慮しつつ、工事の性格、地域の実情等に応じて多様な入札及び契約の方法の中から適切な方法が選択されることにより、確保きれなければならない。","bの記述は、維持管理段階の考え方を含んでいますが、「永久に活用できる」という表現は現実的ではなく、品確法の基本理念の条文にはありません。","社会資本は「永久に」使えるものか？"
"I-H29-13","H29-13. 国土交通白書2014における『これまでの社会インフラとこれからの課題』のなかで『賢く使う」「みんなで支える」「将来を見越す」という3つの視点が紹介されている。「賢く使う」ための取り組みに関する記述として、正しいものをa～dのなかから選びなさい。","c. 社会インフラの多面的活用","a. 維持管理・更新の担い手の確保育成;b. 包括的民問委託;d. ライフサイクルコストの削減を目指した取り組み","a, bは「みんなで支える」、dは「将来を見越す」に対応する取り組みです。既存のインフラを一つの目的だけでなく、様々な用途に活用する「多面的活用」が「賢く使う」に該当します。","3つの視点と具体策の対応関係を考える。"
"I-H29-14","H29-14. 国土交通白書2014における「地域活性化の推進」のなかで、都市再生の取り組みに関する記述として、誤っているものをa～dのなかから選びなさい","b. 集落機能活性化による日常的な医療・買い物等の基礎的生活サービスの確保への推進","a. 国際空港や広域防災拠点の整備等の都市再生プロジェクトの推進;c. 「都市再生特別措置法」に基づく民間都市再生の推進;d. 市町村が作成する都市再生整備計画等に基づく全国都市再生の推進","「集落機能活性化」は、主に中山間地域などを対象とした取り組みであり、「都市再生」の文脈とは少し異なります。都市再生は、都市部の機能更新や魅力向上を目指すものです。","「都市」と「集落」のどちらが対象か。"
"I-H29-15","H29-15. 国土交通白書2014における「安全・安心社会の構築」のなかで、地震対策に閲する記述として、誤っているものをa～dのなかから還選びなさい。","d. 河川における不法係留船対策","a. 帰宅困難者対策;b. オープンスペースの確保;c. 被災地における宅地の危険度判定の実施","不法係留船対策は、河川管理や水防活動上の課題ですが、白書における「地震対策」の主要な項目としては挙げられていません。帰宅困難者対策、オープンスペース確保、宅地危険度判定は、地震対策の重要な要素です。","白書で述べられている「地震対策」の柱は何か？"
"I-H29-16","H29-16. 平成26年9月に畏野・岐阜県境の「御楓山」において発生した噴火被害を踏まえ、中央防災会議防災対策実行会識の火山防災対策推進ワーキンググループで提言された今後取り組むべき事項の記述として、誤っているものをa～dのなかから選びなさい。","d. 旅行者に対してより確実に情報を伝達するためには、インターネット等によるプル型の情報提供が必要である。","a. 園は、火山防災対策の強化を図るために必要な法令的な整備を行うべきである。;b. 気象庁は、常時観測火山のうち、水蒸気噴火の可能性のある火山において、水蒸気噴火の先行現象を検知すべく速やかに監視を開始すべきである。;c. 気象庁は、噴火発生や噴火初期の変動を観測した際に、これらの情報を「噴火速報」として迅速に発信するとともに、都道府県等必要な関係者に伝達すべきである。","緊急情報を確実に伝えるためには、受け手が自ら情報を取りに行く「プル型」だけでなく、携帯電話への緊急速報メールのように情報を強制的に送り届ける「プッシュ型」の情報提供が重要であると提言されています。","緊急情報は「待つ」か「送る」か。"
"I-H29-17","H29-17. 国土交通省重点政策2014のなかで、『地方の創生、人口減少の克服」に閲する記述として、誤っているものをa～dのなかから選びなさい。","b. 維持管理・更新に係る情報の整備","a. コンパクト・プラス・ネットワークの実現;c. 観光振興と地域ビジネス・雇用創出による活力ある地域の形成;d. 地域を支える産業の担い手の確保・育成","「維持管理・更新に係る情報の整備」は、インフラの老朽化対策に関連する項目であり、「地方創生」の直接的な施策としては位置づけが異なります。","「地方創生」のキーワードは何か？"
"I-H29-18","H29-18. 国土交通白書2014における「時代の要請にこたえた国土突通行政の展開」のなかでの「第3次社会資本盤備重点計画の推進」に関する4つの重点目標の記述として、正しいものをa～dのなかから運びなさい。","c. 持続可能で活力ある国土・地域づくりの実現","a. 環境負荷の低減効果等の社会的コスト構造の改善;b. 施設の長寿命化によるライフサイクルコストの改善;d. 民間企業の技術革新によるコスト構造改善を評価","第3次社会資本整備重点計画の4つの重点目標は、「大規模・広域的な災害リスクの低減」「持続可能で活力ある国土・地域づくりの実現」「社会資本の的確な維持管理・更新」「成長の基盤となる国際競争力等の強化」です。cがその一つを正しく示しています。","第3次計画の4つの柱は何か？"
"I-H29-19","H29-19. 知的財産植のうち産業財産権に属するものとして、誤っているものをa～dのなかから選びなさい。","a. 著作権","b. 意匠権;c. 実用新案権;d. 特許権","産業財産権は、特許権、実用新案権、意匠権、商標権の4つを指します。著作権は、これらとは別の知的財産権です。","産業財産権の4つの権利は？"
"I-H29-20","H29-20. 一般社団法人建設コンサルタンツ協会の「建設コンサルタント技術者の行動規範」における「公正な競争」に関する記述として、誤っているものをa～dのなかから選びなさい。","d. 他の専門家が行った業務の再調査を依頼された場合には、その専門家の名声等の保護を第一義とした再調査を行う。","a. 悪意または、偽って、直接または間接に、他の専門家の名声、将来性を貶めたり業務の遂行や雇用を妨害しない。;b. 客観的事実根拠に基づくことなく、同業者または他の専門家の業務成果を中傷、誹誘、批判しない。;c. 業務を確保するために不当な対価を第3者に直接または間接に与えることをしない。","業務の再調査を行う場合、第一義とすべきは客観的な事実に基づく公正な調査であり、特定の専門家の名声を保護することではありません。","再調査の目的は、事実の確認か、個人の保護か。"
"I-H30-1","H30-1. 社会資本整備に携わる技術者に求められる職業倫理行動規範についての記述として、誤っているものをa～dのなかから選びなさい。","d. 今後増加する設計・施工一括発注方式やコンストラクションマネジメント、PFI/PPPなどによる事業に対応するために、工事契約を前提として施工者と密接に協力を進めていかなくてはならない。","b. 低価格入札は、経営戦略上の選択で、あったとしても、フェアな競争を阻害し市場を混乱させ、結果として実情にそぐわない単価や歩掛の設定を招くことになるため、厳に慎まなければならない。;c. 事業者、施工者との対等なパートナー関係を構築するためにも、自らの手で高品質な成果を生み出す技術の研慣に努め、求められる能力を常に発揮しなければならない。;a. 職業倫理観と経営の間で葛藤が生じた場合、職業倫理観を欠いた安易な手段を選択することは、社会的信頼を失墜させ、業界の品位と権威を損なうとともに、自社および他社の経営を苦しめることになる。","建設コンサルタントは、発注者のパートナーとして中立・公正な立場で事業をマネジメントする役割を担います。特定の施工者と「工事契約を前提として」「密接に協力」することは、その中立性を損なう恐れがあります。","建設コンサルタントの「中立・公正」な立場。"
"I-H30-2","H30-2. RCCMに求められる倫理を記載した「シピルコンサルティングマネージャ（RCCM)倫理規定」の記述として、正しいものをa～dのなかから選びなさい。","c. 中立・独立性の観点から、依頼者の支払う報酬以外のいかなる利益も受け取らない。","a. 中立・独立性の観点から、業務の遂行にあたっては、他の分野の専門技術者と協調することを避ける。;b. 中立・独立性の観点から、市民団体、学会、教会等の活動への積極的参加は控える。;d. 中立・独立性の観点から、業務上知り得た秘密は公に開示して公平な判断を仰ぐ。","RCCM倫理規定では、公正な業務を遂行するため、報酬以外の利益供与を受けないことが定められています。a: 他の技術者との協調は推奨されます。b: 社会貢献活動への参加は推奨されます。d: 守秘義務があります。","技術者倫理における「利益相反の回避」。"
"I-H30-3","H30-3. 技術士や技術者の継続的な資質向上のための取組である C P D (Continuing Professional Development）の記述として、誤っているものをa～dのなかから選びなさい。","c. RCCM更新登録に必要なCPD単位には、更新講習会受講およびRCCM教材DVDの自己学習の時間を含んでよい。","a. RCCM更新登録に必要なCPD単位は、現在は登録申請月の前月から遡って4年間で100単位以上であるが、平成32年4月からは4年間で200単位以上に変更される予定である。;b. CPD単位は、特定の分野や形態に偏ることなく知識や技術を習得することが求められる。;d. CPD記録について建設コンサルタント協会では、主催者から受講証明書や参加証明書等が発行されない場合でも、自分で受講証明書や参加証明書を用意して主催者の証明印をもらえば申請できる。","RCCMの資格更新のための講習やDVD学習は、更新の必須要件であり、それ自体はCPD単位としては認められません。CPDは、それ以外の自主的な学習活動が対象となります。","「更新のための必須要件」と「自主的な学習（CPD）」は別物。"
"I-H30-4","H30-4. 入札制度のうち、コンサルタント技術者が係わる機会が多いプロポーザル方式及び総合評価落札方式の記述として、誤っているものをa～dのなかから選びなさい。","d. 予定技術者の評価よりも、参加表明者（企業）の評価が重視されることが一般的である。","a. 予定技術者の実績として、技術者資格、同種又は類似業務の実績の内容、過去に担当した業務の成績、手持ち業務（専任性）を評価されることが一般的である。;b. プロポーザル方式の選定に当たっての評価は、説明書に基づいて行うものとし、説明書に記載されていない技術等は評価の対象としない。;c. 企業や予定技術者の「資格・実績等」よりも「成績・表彰」の配点割合が高いことが一般的である。","プロポーザル方式や総合評価落札方式では、業務を実際に担当する「予定技術者」の能力や実績が、成果の品質を左右する最も重要な要素と見なされるため、企業の評価よりも重視されることが一般的です。","業務の品質を最も左右するものは何か？「企業」か「個人」か。"
"I-H30-5","H30-5. 公共土木設計業務等標準委託契約約款に規定する一括再委託等の禁止について、誤っているものをa～dのなかから選びなさい。","b. 受注者は、発注者が設計図書において指定した軽微な部分を第三者に委任し、又は請け負わせてはならない。","a. 受注者は、業務の全部を一括して、又は発注者が設計図書において指定した主たる部分を第三者に委任し、又は請け負わせてはならない。;c. 受注者は、業務の一部を第三者に委任し、又は請け負わせようとするときは、あらかじめ発注者の承諾を得なければならない。;d. 発注者は、受注者に対して、業務の一部を委任し、又は請け負わせた者の商号又は名称その他必要な事項の通知を請求することができる。","標準委託契約約款では、主たる部分以外であれば、発注者の承諾を得て再委託が可能です。特に「軽微な部分」については、承諾なしで再委託できると解釈されるのが一般的です。「請け負わせてはならない」という記述は誤りです。","再委託の禁止：「一括」と「主たる部分」。"
"I-H30-6","H30-6. 公共土木設計業務等標準委託契約約款に規定する貸与品等について、誤っているものをa～dのなかから選びなさい。","b. 受注者は、設計図書に定めるところにより、業務の完了、設計図書の変更等によって不用となった貸与品等は発注者に返還しなくてもよい。","a. 受注者は、貸与品等の引渡しを受けたときは、発注者に借用書又は受領書を提出しなければならない。;c. 受注者は、故意又は過失により貸与品等が滅失若しくはき損し、又はその返還が不可能となったときは、発注者の指定した期間内に代品を納め、若しくは原状に復して返還し、又は返還に代えて損害を賠償しなければならない。;d. 受注者は、貸与品等を善良な管理者の注意をもって管理しなければならない。","発注者から借りたものである貸与品は、不用になった場合には当然、発注者に返還しなければなりません。","「貸与品」＝借り物。"
"I--H30-7","H30-7. 平成29年度版の国土交通省の土木設計業務等積算基準に規定する業務委託料の構成として、誤っているものをa～dのなかから選びなさい。","a. 業務原価は、直接原価と一般管理費等からなる。","b. 業務委託料は、業務価格と消費税相当額からなる。;c. 直接経費には、特許使用料が含まれる。;d. 直接原価は、直接人件費と直接経費からなる。","業務原価は、直接原価（直接人件費＋直接経費）と間接原価（諸経費）から構成されます。「一般管理費等」は業務原価に加算して業務価格を算出するものです。","業務委託料の積算構成を思い出す。（直接原価＋間接原価＝業務原価）"
"I-H30-8","H30-8. 国土交通省の「設計業務等共通仕様書」に規定する再委託に関する記述として、誤っているものをa～dのなかから選びなさい。","c. 検査職員が修補の指示をした場合において、修補の完了の確認は調査職員の指示に従うものとする。","a. 受注者は、修補は速やかに行わなければならない。;b. 検査職員は、修補の必要があると認めた場合には、受注者に対して期限を定めて修補を指示することができる。;d. 検査職員が指示した期間内に修補が完了しなかった場合には、発注者は、検査の結果を受注者に通知するものとする。","修補の指示は検査職員が行い、その完了の確認も同じ検査職員が行うのが原則です。調査職員が別途指示するものではありません。","指示した人が、完了を確認する。"
"I-H30-9","H30-9. 国土交通省の「設計業務等共通仕様書」に規定する成果物の提出に関する記述として、誤っているものをa～dのなかから選びなさい。","d. 受注者は、設計業務等が完了したときは、設計図書に示す成果物を提出し、検査を受けるものとし、検査終了後に業務完了報告書を提出するものとする。","a. 受注者は、設計図書に定めがある場合、文は調査職員の指示する場合で、同意した場合は履行期間途中においても、成果物の部分引き渡しを行うものとする。;b. 受注者は、成果物において使用する計量単位は、国際単位系（SI)とする。;c. 受注者は、「土木設計業務等の電子納品要領」に基づいて作成した電子データにより成果物を提出するものとする。","業務完了報告書は、成果物とともに提出し、それをもって検査を受けるのが一連の流れです。「検査終了後に」提出するものではありません。","業務完了の報告 → 成果物提出 → 検査。"
"I-H30-10","H30-10. 国土交通省から発注された委託業務等で、成績評定を行う事項について、誤っているものをa～dのなかから選びなさい。","a. 評定は、原則として1件の契約金額が200万円を超える委託業務等について行うものとする。","b. 局長は、評定者から評定表の提出があったときは、遅滞なく、当該委託業務等の受注者に対して、評定の結果を規定様式により通知するものとする。;c. 完了検査官である委託業務等の評定者は完了検査を実施したとき、総括監督員等又は総括調査員等である委託業務等の評定者は委託業務等が完了したとき、それぞれ評定するものとする。;d. 委託業務等成績評定表における考査項目は、プロセス評価と結果の評価である。","委託業務等成績評定要領によると、成績評定の対象は、原則として契約金額が「500万円」を超える業務です。「200万円」ではありません。","成績評定の対象となる契約金額は？"
"I-H30-11","H30-11. 「公共工事の品質確保の促進に関する法律の一部を改正する法律」における基本的な理念として、誤っているものをa～dのなかから選びなさい。","d. 公共工事の品質確保は、企業が保有する技術情報の特性、当該技術情報を保有する目的等を勘案し、その保有する技術情報を適正に取扱うことにより、確保されなければならない。","a. 公共工事の品質は、社会資本を整備するという公共工事の社会経済上の重要な意義に鑑み、現在・将来の国民のため、園、地方公共団体、発注者、受注者がそれぞれの役割を果たすことにより、確保されなければならない。;b. 公共工事の品質は、個別の工事により条件が異なること等の特性に鑑み、経済性に配慮しつつ価格以外の多様な要素をも考慮し、価格及び品質が総合的に優れた内容の契約がなされることにより、確保されなければならない。;c. 公共工事の品質は、工事の効率性、安全性、環境への影響等が重要な意義を有することに鑑み、より適切な技術又は工夫により、確保されなければならない。","選択肢dは、不正競争防止法などにおける「営業秘密」の保護に関する考え方であり、品確法の基本理念として定められているものではありません。","品確法の目的は「公共工事の品質確保」。"
"I-H30-12","H30-12. 「公共工事の品質確保の促進に関する法律の一部を改正する法律」に関する記述として、誤っているものをa～dのなかから選びなさい。","c. 発注者は、競争に参加する者について、熟練技術者、外国人労働者の確保の状況、資格の保有状況、工事の実施体制を適切に審査し、公共工事の契約に評価するよう努めなければならない。","a. この法律は、公共工事の品質確保に関する基本理念、国等の責務、公共工事の品質確保の促進に関する基本的事項を定めることにより、公共工事の品質確保の促進を図るものである。;b. 発注者は、施工状況の評価等の資料が有効に活用されるよう保存しデータベースの整備及び更新その他の必要な処置を講じなければならない。;d. 受注者は、契約された公共工事を適正に実施し、下請契約を締結するときは、適正な額の請負代金での下請契約の締結に努めなければならない。","品確法では、担い手の育成・確保が謳われていますが、入札参加者の評価項目として「外国人労働者の確保の状況」を直接的に規定しているわけではありません。","入札参加資格や評価項目として、法律で具体的に何が求められているか。"
"I-H30-13","H30-13. 国土交通省が平成29年11月に公表した「第6回全国都市交通特性調査結果（とりまとめ）」の記述として、誤っているものをa～dのなかから選びなさい。","a. 若者（20代）の移動回数が高齢者（70代）の移動回数を上回る。","b. 65～74歳の高齢者は、全年齢平均と比べても遜色ない外出率。;c. 若者の外出率を男女別に見ると、男性は全年齢平均を下回り、女性は上回る。;d. 30代の子供がいる世帯を見ると、「送迎」を目的とする女性の移動が多い。","この調査結果によると、高齢者（特に70代）の移動回数は、若者（20代）と同等か、むしろ上回る傾向にあります。高齢者の活動が活発化していることを示しています。","現代の高齢者のライフスタイルをイメージする。"
"I-H30-14","H30-14. 国土交通省重点政策2016の「国民の安全・安心の確保」の中で記述されている政策の記述として、誤っているものをa～dのなかから選びなさい。","b. 国際競争力強化のための基盤・環境整備","a. 社会資本の老朽化対策等;c. 日常生活における安全・安心の確保;d. ハード・ソフト一体となった防災・減災対策","「国際競争力強化」は、主に経済成長や産業振興に関する政策分野です。「国民の安全・安心の確保」というテーマとは直接の関連性が低いです。","政策の「柱」と具体的な「施策」の関連性を考える。"
"I-H30-15","H30-15. 国土交通省重点政策2016の「2020年東京オリンピック・パラリンピック競技大会への対応」の記述として、正しいものをa～dのなかから選びなさい。","d. 暑さ対策・環境問題への配慮、等","a. 人口減少・超高齢社会に対応した豊かな生活環境の創出;b. アジア諸国の海上保安機関の能力向上支援;c. 地方創生の碑となる環境資源の魅力向上","東京オリンピック・パラリンピックへの対応としては、競技会場や交通アクセスの整備のほか、訪日外国人旅行者の受け入れ環境整備、バリアフリー化、そして夏の開催であることから暑さ対策などが重点政策として挙げられました。","オリンピック開催にあたり、どのような課題が考えられるか？"
"I-H30-16","H30-16. ［　］とは、単なる技術革新や新技術の開発ではなく、社会システムや制度全体を含めて、革新・刷新することにより、新しい価値を次々と生み出していくことである。これまで人類は［　］によって新たな技術やサービスを創出し、暮らしや経済、社会に大きな変化を起こしてきた。","c. イノベーション","a. インフラマネジメント;b. リフォーム;d. ネットワーク","文章は「イノベーション（innovation）」の定義そのものです。技術革新だけでなく、新しい仕組みや考え方を取り入れて社会に大きな変革をもたらすことを指します。","「技術革新」を包含する、より広い概念は何か？"
"I-H30-17","H30-17. 国土交通省重点政策2016のなかで、「地域の活性化等を通じた持続可能な社会経済の実現」に関する記述として、誤っているものをa～dのなかから選びなさい。","d. 暮らしを支えるロボット・ビッグデータ等の利活用","a. コンパクト・プラス・ネットワークの推進;b. 地域ビジネス・雇用創出による活力ある地域の形成;c. 人口減少・超高齢社会に対応した豊かな生活環境の創出","「暮らしを支えるロボット・ビッグデータ等の利活用」は、主に「生産性向上」や「新産業創出」に関連する政策であり、「地域の活性化」というテーマとは少し異なります。","政策の「柱」と具体的な「施策」の関連性を考える。"
"I-H30-18","H30-18. 「第4次社会資本整備重点計画」に掲げられた社会資本整備が直面する4つの構造的課題の記述として、誤っているものをa～dのなかから選びなさい。","d. 地球温暖化の進展","a. 加速するインフラ老朽化;b. 脆弱国土（切迫する巨大地震、激甚化する気象災害）;c. 人口減少に伴う地方の疲弊","第4次社会資本整備重点計画が掲げる構造的課題は、①人口減少・高齢化、②インフラ老朽化、③激甚化する災害、④国際競争の激化です。「地球温暖化の進展」は③の背景ではありますが、課題そのものとしては挙げられていません。","社会資本が直面する「構造的な」課題は何か？"
"I-H30-19","H30-19. 知的財産権のうち産業財産権に属するものとして、誤っているものをa～dのなかから選びなさい。","b. 著作権","a. 商標権;c. 意匠権;d. 実用新案権","産業財産権（工業所有権）は、特許権、実用新案権、意匠権、商標権の4つの権利を指します。著作権は、文化的な創作物を保護する権利であり、産業財産権とは別の知的財産権です。","産業財産権の4つの柱。"
"I-H30-20","H30-20. 一般社団法人建設コンサルタンツ協会の「建設コンサルタント技術者の行動規範」における「公正な競争」に関する記述として、誤っているものをa～dのなかから選びなさい。","b. 業務を通じて知り得た依頼者の秘密を、第三者に漏らしたり、別の業務に盗用することをしない。","a. 利害関係者から教唆された事項については、表明、批評、あるいは主張を行わない。;c. 専門家としての考えを報告、表明、または証言するにあたっては、それらに関連する客観的なデータと真実の情報をすべて開示する。;d. 技術的判断に関して、事実でない、事実を隠した、不適正または誇張された表示・表明を回避する。","選択肢bは「秘密の保持」に関する規定です。「公正な競争」は、談合の禁止や不当な価格競争の回避などに関する規定です。倫理規定の項目が異なります。","倫理規定の各項目（公正な競争、秘密の保持など）を区別する。"
"I-R01-1","R01-1. RCCMには、建設コンサルタント等業務に係わる責任ある技術者として、順守すべき倫理規定が定められている。以下の行動のうち誤っているものをa～dのなかから選びなさい。","a. 登録更新講習の有効期間は、受講後1年間である。","b. 登録を申請する際には、最新の自主学習システムで学習し、演習を修了しておく必要がある。;c. 登録有効期限は、登録日から3年を超えた2月末日までである。;d. 登録に必要な自主学習は、管理一般分野の全科目と登録しようとする技術部門の科目である。","RCCM登録更新講習の有効期間は、受講年度の翌年度から4年間です。「1年間」という記述が誤りです。","RCCMの登録有効期間は何年か？"
"I-R01-2","R01-2. 技術士や技術者の継続的な資質向上のための取組である CPD (Continuing Professional Development）の記述として、誤っているものをa～dのなかから選びなさい。","b. RCCM資格の更新にあたり、登録申請月の前月から遡って4年間で80単位以上のCPD単位を取得することを義務づけている。","a. CPDは、海外技術者との相互認証制度検討の過程で議論され、APEC Engineerの資格更新において義務付けられた。;c. 取得するCPD単位は、特定の教育分野や教育形態に偏ることなく、建設コンサルタント技術者として必要な知識や技術を習得することが求められる。;d. 国土交通省や地方自治体において、CPD記録を技術者の評価項目の1つとすることが拡大する方向にある。","RCCM資格の更新には、4年間で200単位以上（年間平均50単位）のCPD単位取得が義務付けられています。「80単位以上」という記述が誤りです。","RCCM更新に必要な年間CPD単位の目安は？"
"I-R01-3","R01-3. RCCMには、建設コンサルタント等業務に係わる責任ある技術者として、順守すべき倫理規定が定められている。以下の行動のうち誤っているものをa～dのなかから選びなさい。","b. RCCMは、業務上知り得た秘密を公にする場合には、客観的にかつ事実に即して表明する。","a. RCCMは、常に建設コンサルタント技術者としての品位の保持と向上に努める。;c. RCCMは、業務の遂行にあたっては、積極的に他の分野の専門技術者と協調することに努める。;d. RCCMは、特許・著作権など技術成果の権利を正当に評価し、他人の権利を侵さない。","RCCM倫理綱領には「業務上知り得た秘密を他に漏らし、又は盗用してはならない」と定められており、守秘義務が課せられています。正当な理由なく秘密を公にすることは許されません。","技術者倫理における「守秘義務」。"
"I-R01-5","R01-5. 公共土木設計業務等標準委託契約約款に規定する解除権の行使事由として、誤っているものをa～dのなかから選びなさい。","c. 受注者は、発注者が設計図書を変更したため業務委託料が2分のl以上減少したときは契約を解除できる。","a. 発注者は、受注者が正当な理由なく、業務に着手すべき期日を過ぎても業務に着手しないときは契約を解除できる。;b. 発注者は、受注者が管理技術者を配置しなかったときは契約を解除できる。;d. 発注者は、受注者の責めに帰すべき事由により、履行期間内に業務が完了しないと明らかに認められるときは契約を解除できる。","標準委託契約約款において、受注者が契約を解除できるのは、業務委託料が「3分の2以上」減少したときです。「2分の1以上」という記述が誤りです。","受注者側の契約解除権における業務委託料の減少割合は？"
"I-R01-6","R01-6. 公共土木設計業務等標準委託契約約款に規定する調査職員の有する権限について、誤っているものをa～dのなかから選びなさい。","d. 契約の履行に関する業務の管理及び統轄","a. 発注者の意図する成果物を完成させるための受注者又は受注者の管理技術者に対する業務に関する指示;b. 契約の履行に関する受注者又は受注者の管理技術者との協議;c. 設計図書の記載内容と履行内容との照合","「業務の管理及び統轄」は、受注者側の管理技術者が行うべき職務です。調査職員は、発注者側の立場で指示や協議、照合などを行う権限を持ちます。","「調査職員」と「管理技術者」の役割の違い。"
"I-R01-7","R01-7. 国土交通省の土木設計業務等積算基準（2019年度版）に規定する業務委託料の構成として、誤っているものをa～dのなかから選びなさい。","b. 電子成果品作成費は、直接人件費として計上する。","a. 業務原価は、直接原価と間接原価からなる。;c. 旅費交通費は、直接経費として計上する。;d. 業務価格は、業務原価と一般管理費等からなる。","電子成果品作成費は、直接原価のうちの「直接経費」として計上されます。「直接人件費」ではありません。","積算基準における費用の科目分類。"
"I-R01-8","R01-8. 国土交通省の『設計業務等共通仕様書」に規定する再委託に関する記述として、誤っているものをa～dのなかから選びなさい。","c. 解析業務における技術的判断の再委託には、発注者の承認を得なければならない。","a. 受注者は、設計図書において規定された「主たる部分」以外、及び「軽微な部分」以外の業務の再委託にあたっては、発注者の承諾を得なければならない。;b. 設計業務等における総合的企画、業務遂行管理は再委託できない。;d. 受注者は設計業務等を再委託に付する場合は、書面により協力者との契約関係を明確にしておく。","共通仕様書において、再委託が認められない業務として「総合的企画、業務遂行管理、技術的判断等」が挙げられています。したがって、技術的判断を伴う解析業務の再委託は原則としてできません。","再委託が「できない」業務は何か？"
"I-R01-9","R01-9. 国土交通省の「設計業務等共通仕様書」に規定する個人情報の取扱いに関する記述として、誤っているものをa～dのなかから選びなさい。","a. 受注者は、いかなる場合においてもこの契約による事務を処理するために発注者から提供を受けた個人情報が記録された資料等を複写又は複製してはならない。","b. 受注者は、この契約による事務を処理するために個人情報を取得するときは、あらかじめ本人に対し、その利用目的を明示しなければならない。;c. 発注者は、受注者における個人情報の管理の状況について適時確認することができる。;d. 受注者は、この契約による事務に係る個人情報の管理に関する責任者を特定するなど管理体制を定め、業務計画書に記載するものとする。","共通仕様書には「受注者は、あらかじめ発注者の書面による承諾を得ないで、この契約による事務を処理するために発注者から提供を受けた個人情報が記録された資料等を複写し、又は複製してはならない」とあり、承諾があれば可能です。「いかなる場合においても」という断定が誤りです。","契約における絶対的な禁止事項か、条件付きで可能な事項か。"
"I-R01-10","R01-10. 国土交通省から発注された委託業務等で、成績評定を行う事項について、誤っているものをa～dのなかから選びなさい。","d. 結果の評価は工程管理と品質管理である。","a. 地方整備局委託業務等成績評定要領が平成30年1月に改正された。;b. 評価項目の専門技術力、管理技術力、コミュニケーション力、取組姿勢及び成果品の品質が考査項目のプロセス評価及び結果の評価に改正された。;c. プロセス評価は、実施能力の評価、実施状況の評価、説明調整能力の評価及び取組姿勢である。","委託業務等成績評定要領によると、「結果の評価」の考査項目は「成果品の品質」です。「工程管理」は「プロセス評価」の中の「実施状況の評価」に含まれます。","成績評定の「プロセス評価」と「結果の評価」の具体的な中身。"
"I-R01-11","R01-11. 「公共工事の品質確保の促進に関する法律の一部を改正する法律（令和元年法律第三十五号）」が、令和元年6月14日に公布・施行されたが、改正のポイントとして、誤っているものをa～dのなかから選びなさい。","c. 脱ダム革命","a. 災害時の緊急対応の充実強化;b. 働き方改革への対応;d. 観光産業の革新","令和元年の品確法改正の大きな柱は、「担い手の中長期的な育成・確保」と「働き方改革の推進」、「生産性向上」、「災害対応力の強化」です。「観光産業の革新」も関連しますが、「脱ダム革命」はこの法律の趣旨とは直接関係ありません。","令和元年の品確法改正のキーワードは？"
"I-R01-12","R01-12. 「公共工事の品質確保の促進に関する法律の一部を改正する法律（令和元年法律第三十五号）」における基本理念の改正について、誤っているものをa～dのなかから選びなさい。","c. 公共工事の品質は、発注者と受注者の責務において、完成後の目的物が適切に使用されることを期待し、その機能が永遠に活用できるための点検、診断、維持、修繕、適切な入札により、確保されなければならないものとすること。","a. 公共工事の品質は、地盤の状況に関する情報その他の工事等に必要な情報が的確に把握され、より適切な技術又は工夫が活用されることにより、確保されなければならないものとすること。;b. 公共工事の品質は、地域の実情を踏まえ地域における公共工事の品質確保の担い手が育成され、及び確保されるとともに、災害応急対策又は災害復旧に関する工事等が迅速かつ円滑に実施される体制が整備されることにより、将来にわたり確保されなければならないものとすること。;d. 公共工事の品質確保に当たっては、調査等、施工及び維持管理の各段階における情報通信技術の活用等を通じて、その生産性の向上が図られるように配慮されなければならないものとすること。","公共工事の品質は、調査、設計、施工、維持管理の各段階を通じて確保されるべきものです。また、「永遠に活用できる」という表現は現実的ではなく、適切な維持管理によってライフサイクルを全うすることが目指されます。","公共工事のライフサイクル全体を考える。"
"I-R01-13","R01-13. 国土交通省では生産性革命本部を設置し、H30年現在31の生産性革命プロジェクトを選定している。プロジェクトの施策のうち誤っているものをa～dのなかから選びなさい。","c. 脱ダム革命","a. ピンポイント渋滞対策;b. コンパクト・プラス・ネットワーク;d. 観光産業の革新","生産性革命プロジェクトには、i-Constructionの推進、AI・IoTの活用、ストック効果の最大化などが含まれます。選択肢a, b, dはいずれも関連する施策ですが、「脱ダム革命」は特定の政治的スローガンであり、このプロジェクトには含まれません。","生産性革命のキーワードはi-Construction、AI、IoTなど。"
"I-R01-14","R01-14. 国土交通白書2018の国民意識調査において各年代層の中でワークライフバランスを働く上で重視していると回答した割合の最も高い年代をa～dのなかから選びなさい。","b. 30代","a. 20代;c. 40代;d. 70代","国土交通白書2018によると、働く上で「仕事と生活のバランス」を重視する割合は30代で最も高くなっています。これは子育て世代と重なることが一因と考えられます。","どの世代が最も「仕事と生活のバランス」を必要としているか？"
"I-R01-15","R01-15. 平成30年北海道胆振東部地震により北海道全域にブラックアウトが発生した。この事象の正しいものをa～dのなかから選びなさい。","d. 北海道全域の電気供給停止","a. 北海道全域の地盤沈下;b. 北海道全域の火災;c. 北海道全域の津波","ブラックアウト（Blackout）とは、電力系統の需給バランスが崩れることなどにより、広範囲で発生する停電（全域停電）を指す言葉です。","Blackoutという英単語の意味。"
"I-R01-16","R01-16. 以下は国土交通省の生産性革命プロジェクトの施策とその具体的な内容を組み合わせたものである。この組み合わせのうち、誤っているものをa～dのなかから選びなさい。","c. ビッグデータを活用した交通安全対策＝今事故発生個所に対する対症療法型対策","a. 下水道イノベーション＝今下水汚泥を徹底的に活用し農業の生産性向上に貢献;b. インフラメンテナンス革命斗多様な産業の技術や民間のノウハウによるメンテナンス産業の生産性向上;d. 道路の物流イノベーション斗ダブ、ル連結トラック等のトラック輸送の生産性向上に資する取り組み","ビッグデータを活用した交通安全対策は、事故データや走行データなどを分析し、事故が発生する「前」に潜在的な危険箇所を特定し対策を講じる「予防安全型」を目指すものです。「対症療法型」ではありません。","ビッグデータの活用目的は「予測」と「予防」。"
"I-R01-17","R01-17. 平成30年12月に「防災、減災、国土強靭化のための3か年緊急対策」が閣議決定され、国土交通省では所管分野における対策を集中的に取り組むこととしているが、「防災のための重要インフラ等の機能維持」のためのハード対策として、誤っているものをa～dのなかから選びなさい。","d. 人命に関わるリスク情報について、ハザードマップによる徹底的な周知を行う。","a. 水害・土砂災害から国民の命を守るためインフラを強化する。;b. 地震時などに電力供給が停止した際にもインフラの機能を維持できるよう非常用電源を確保する。;c. 災害時でも運用を継続し、データを安定的に提供する。","ハザードマップによる周知は、避難行動を促すための「ソフト対策」に分類されます。a, b, cは施設整備を伴う「ハード対策」です。","「ハード対策」か「ソフト対策」かを見分ける。"
"I-R01-18","R01-18. 「第4次社会資本整備重点計画」（平成27年9月閣議決定）の4つの重点目標の記述として、誤っているものをa～dのなかから選びなさい。","c. 地球温暖化に対応した循環型社会を形成する。","a. 社会資本の戦略的な維持管理・更新を行う。;b. 災害特性や地域の脆弱牲に応じて災害等のリスクを低減する。;d. 民間投資を誘発し、経済成長を支える基盤を強化する。","第4次社会資本整備重点計画の4つの重点目標は、①戦略的な維持管理・更新、②災害リスク低減、③成長基盤の強化、④地域の暮らしの確保・改善です。「地球温暖化に対応した循環型社会の形成」は重要な課題ですが、この4つの重点目標には直接含まれていません。","社会資本整備の「重点」は何か？"
"I-R01-19","R01-19. 「知的財産基本法」（平成14年法律第122号）による知的財産権のうち産業財産権に関する記述として、正しいものをa～dのなかから選びなさい。","b. 産業財産権には、特許権、実用新案権、意匠権、商標権がある。","a. 産業財産権には、著作隣接権、回路配置利用権、育成者権等がある。;c. 産業財産権には、実用新案権、意匠権、育成者権等が含まれる。;d. 産業財産権には、著作隣接権、実用新案権、商標権、意匠権等がある。","産業財産権（工業所有権）は、特許権、実用新案権、意匠権、商標権の4つの権利を指します。著作権や育成者権などは、産業財産権とは別の知的財産権です。","産業財産権の4つの柱。"
"I-R01-20","R01-20. 一般社団法人建設コンサルタンツ協会の「建設コンサルタント技術者の倫理」（平成12年10月策定）の「E 行動規範」における「事実にもとづく表明」の記述として、誤っているものをa～dのなかから選びなさい。","d. 利害関係者から教唆された事項については、適切に批評あるいは反論を行う。","a. 技術的判断に関して、事実でない、事実を隠した、不適正または誇張された表示・表明を回避する。;b. 専門家としての考えを報告、表明、または証言するにあたっては、それらに関連する客観的なデータと真実の情報をすべて開示する。;c. 正確な情報、客観的なデー夕、技術的裏付けのもとに専門家としての意見を確信をもって表明する。","行動規範では「利害関係者から教唆された事項については、表明、批評、あるいは主張を行わない」とされており、中立・公正な立場を保つことが求められます。","技術者倫理における「中立・公正性」。"
